label,text
1,اترك تهوى لاجل تخشى
1,عمرتنا مميزة ورائعة
1,﻿قصه غايه الروعة
1,﻿اللهم اجعلنا دائما مسلمين صادقين افكارنا اعمالنا
0,والله تحشيش الاخر
0,شباب صايع مو ملاقي ياكل مخه فاضي متخلف عقليا
1,الله شيء قدير
0,يستحون جايين لو انا منهم اروح اقشر بصل
1,﻿دعاء جميل ماشاء الله
0,ولك تفيييه عليك
0,والله هبل هبل
0,نار جهنم تاخدو
1,﻿الحمد لله نامل الله يمن علينا بالهدايه
1,يا طيبة الخير جينا
0,﻿بس مو مزبوط
1,اللهم ارضنا بقضائك
1,يا رب اريد تجديد ايماني ساعدني
0,غبي الله يزيد غباك
1,الحل الوحيد القرب الله وذكره بذكر الله تطمئن القلوب قال الله تعالى
1,اللهم اكرمنا برضاك
0,تغني متقرفة
0,﻿ حرام
0,﻿لا هديله بالشوز زى الصعيدى يكرمه ضربه بالشبشب ناقصة حرامية
0,اشكوك
1,والله نفسى بس الواحد بيجى علية فترات ينسى يعمل اية بجد
1,تحيه لأهل فلسطين الغاليه
0,اللهم اجعلني دائما مظلوم
0,بكره حد قدك
0,خلص اخرسن انا قرفت اكتر منكن
1,حياك اللة
1,واجعلنا سكانها
1,ربك دايما جنبك لو ناديتوا ها تلاقه
1,نسأل الله تعالى بحق أرحنا يا بلال أرحنا
1,﻿صدقت يا رب إجعلنا راضين بقدرك
0,اقلب وجهك
0,حطمت احلامي البريئه
0,قوة بالله أذا أخذ أوهب أسقط أوجب
1,ربنا يكفينا الشر
1,يارب اهدنا وقوى عزيمتا تحب وترضى
0,استاذ غاوي غاوي كنت غاوي المسخره روح اشتغل كراكوز
0,اقرفني شعر تقول حاط دبر امل وجاي
0,مش النووي صار اظنش اسرائيل تسمح باقامته بهالسهولة اللي بيعني انو احنا متطورين متقدمين
0,مالك دين مثل الكلاب الضالة اقولك مثل مومسات عاهرات المراقص عندكن
0,فضحتونا وين نحنا بال عنا برامج هيك تافها ومخمجي
1,يا هيك الاكل يا بلا لش الحكي
0,﻿الله يرفعهم جهنم جنب القذافي بأسرع وقت لان الظلم زاد حده
0,﻿اللي لازم يصير اضراب موظفي الدوائر الحكوميه الخاصه لمدة اسبوع شوف بعدها
0,عدولة السامج خرب اوم المقطع قسسم زبالة هالآدمي ودمه زززفت انا ضحكت
0,لو كاكا بالبرازيل كنت اعطيط لايك بس هيك فشر
0,﻿ برنامج قديم
0,﻿الموضوع اله علاقه بالتخلف بس لما الاضرار الفائده بلا اﻷهم هيك المفاعل بحاجه لتبريد دائم للاسف وين المي يلي عنا؟؟؟؟
1,ربنا يرحمنا برحمته
0,ابوهااا هوه﻿ المصيبة بسس هممه الفلووس اللي تجيبهااا بنته
1,شئ حب الله تهون وحب ربنا أقوى بكتير حاجه
0,هاد برنامج وسوبر ستار بنامج شوف البريطان شو بعملو فعلن سوبر الهبل
1,صار بدها بطارية التقوى شحن
1,حلمي أكون مثل سوشي
1,ربنا يحميك
0,واحد حقير
0,أسماء الاسد كـــس أخـــت زوجـــك
1,قول يا الله ده عنك مش بعيد متشلش تشعر بضيق اقول يالله اهديني ياقلبي عشان اتوب امحي الذنوب واهديلي الطريق
1,﻿ماأجمل الحب الأخوة الله نخاف بعضنا علاقتنا ربنا شئ رائع
0,سعودي متهور
1,﻿اي الله صحيح أهم شي الانسان كرامته
1,﻿سبحان الله مواقف معنى قيمة فعلا تعلم شاء الله
0,بقلو بيضه
1,اله الله محمد رسول الله
1,فعلا قررت وأخدت القرار ده وحاسة براحة وسعادة كبيرة أوي بقربي ربنا بجد الحمد لله
0,التطبيقات قليله بالمتجر ولازال امام مايكروسوفت عمل طويل للتغلب المشكله
1,اللهم أعنا تقواك
0,بس الله يسامحكم تلقوها بصحتكم شاء الله
0,تدرون يا جماعة الخير بتتعدب والله
1,اللهم إجعلنا منهم
1,﻿اللهم احسن خواتيم اعمالنا اجعل اوقاتنا طاعه
1,﻿صباح الإبتسامة مرسومة محياك ربي اجعل حياتي حياة أحبتي نور نور
1,يارب طهر قلوبنا
1,يسعد صباحك بذكر الرحمان
1,اسل الله يستجيب دعائكم
0,﻿الدول المتقدمة تتجه لستخدام الطاقة المتجدده لانها اقل كلفة مخاطر البيئة الانسان نعاني ضائقة مالية كبيرة شحة مياه شديدة كلنا يعلم مدى حاجة المفاعل للمياه اذكركم بما حدث اليابان الدولة الاكثر تطور مجال التكنولوجيا عبارة جزر كذلك كم أثر علينا المفاعل النووي الاسرائيلي حالات السرطان المنتشرة ولو لاحظنا التشوهات الخلقية الاكثر جنوب البلاد
0,شباب صايع مو ملاقي ياكل
0,العرق شوي يزييد
1,﻿الحمد لله أكسجين يعيد للصدر أنفاسه ، تجدها الصوت السعيد الصوت المتئاكل البكاء
0,كلو حكي فاضي
0,يا خسارة عليكو يا شباب المستقبل
1,﻿اصبحنا اصبح الملك لله للهم الحمد احييتنا متنا اليك النشور
0,السادس الراء رايحه
0,برنامج معوق ومشاركين معوقين
1,الثقة باللة النفس ويارب اجعلنا يغير الناس ترضية
1,﻿أللهم ارضنا بما قسمته
1,يُسعدنِي وُجودُكمْ بِالصَفْحَة
1,﻿كلمات رائعه حلوه احلى يكونو النهايه رائعون
1,يارب أعيني علي دكرك وشكرك وحسن عبادتك
1,﻿الفرح فرح سرور
0,يخسو الشيعه الخنزير
1,الله يثبته يا رب ويثبتنا احنا كمان
0,اين المياه لتبريد المفاعل النووي يحتاج نصف مليون مترا مكعبا المياه لتبريده سنويا الاقل والقاصي والداني يعرف اننا بلد يعاني شحة المياه كعلوم ومعرفة بالعلوم النووية والطاقة فانا احب يتعلمها المتعلمين بلادنا بدءا جدول مندلييف للعناصر مرورا العناصر المشعة ونظرية اينشتاين للطاقة ونظريات الفيزياء الكمية والبحث عمر البروتون والنيوترينو والكواركات واللبتونات وال والنظائر المشعة وتفتيت الذرة واشعة جاما وبيتا والفا والراديوم والبلوتونيوم والبروتونات وكافة النظريات بما انواع المفاعلات النووية وتجارب الامم مثل اليابان والمانيا وروسيا وفرنسا وامريكا وللعلم علوم نظريا سهلة وبسيطة ويستطيع فهمها الانسان ذو الخلفية والرغبة العلمية وعلى الاقل جزء علمائنا يقرروا المسار يجب نسلكه ونسير بهذا الخصوص بموازنة المخاطر والمكاسب وبعدها وعلى اساس النتيجة والفائدة الواضحة يتم الاعتماد لقرارهم سلبا ام ايجابا
0,للمفاعل داخل الأردن
0,اهل العقول براحة ام نسيانك يابو نسيان صعب والله صعب
1,﻿الدال الخير كفاعله
0,﻿الحكومة قاعدة بتخبص رايحين يدمروا البلد الله ينتقم منهم
0,﻿ الظاهر اهلها مفقعين وجهها تجي ومغطيه الفلعات
1,ربنا يستر واخلاق المتاسلمين ترجعه اخرى
1,الحمدلله وربنا يجعلنا المداومين والخاشعين
1,﻿الاسلام حسن الخلق تعرف الحبيب صلى الله سلم لقب أمينا نزول الوحي
1,اللهم اصلح حالنا
0,﻿ياخسارة العروبة فيك
0,جابو المسخره لنفسهم الله لايردهم
0,مسكيييييييييين﻿
1,﻿ما شاء الله جميله
1,﻿اللهم اجعلني مقيم الصلاة ذريتي
0,﻿ ضاحك عليهم انو اصواتهم حلوة
1,﻿و خير الكلام قل دل
0,﻿شعب يحركه الظلم التعدي كرامته شعب يستحق الحياة
0,﻿ وانت اسكت تتحطم
1,﻿اللهم اغننا بحلالك حرامك اغننا بفضلك عمن سواك
1,استاذ عمرو يا ريت شوية تركيز اخوتنا بورما انهم يتعرضوا لحرب اباده حقيقيه
1,صح يا اخي صدقت الله يعين الجميع
0,﻿كيف صرت كاتب يا زلمة ؟؟ كثير عليك حمار
0,محالة أول شيء يحدث عودته للمغرب سيتم اغتصابه كالعاهرة
1,خلق الايثار
1,الحب الزوجين أوسع أبواب السعادة
1,يا الله ارحم عبدك الفقير المسكين وجميع المسلمين والمسلمات
1,شاء الله ربنا يعينا الطاعات
0,كلاب بتعوي
0,اتفه برنآمج عآلمي
0,والمصحف عاهاااااات
0,الثاني رايح
0,بكره واحد منهم بينتحر يضحكو
1,الحمد لله نعمة الإسلام
1,انا احب الكاتب
0,﻿هات ناس تفهم المثل بحكي اسأل مجرب تسأل خبير
1,﻿اللهم ارنا الحق حقا ارزقنا اتباعه ارنا الباطل باطلا ارزقنا اجتنابه
0,مجانين العرب
0,كله لايك اتفشلوني
1,﻿أللهم ثبت قلوبنا الإيمان
1,﻿صباح الورد لوجه طيبة
0,سد بوزك
0,﻿ لو مكان راغب أروح أنتحرر
0,﻿قرف
1,الدين المعاملة
1,جزاك الله خير بسمة أمل رائعة وشيقة جد
0,يلعن ابو التفاهه
0,والله اشي مزعلني اسمه محمد
0,الحروف عنده مزغوبه
1,﻿اللهم إنا نعوذ بك غضبك نسأللك رضاك
1,اشتاق للصلاه ودائما
1,﻿و دابة الأرض طائر يطير بجناحيه الأ الله رزقه
1,﻿ابتسم هدي اعصابك
0,يااخى عيب عليك لما تعمل مقارنه المصحف والحاجه دى وبعدين مين الملحد اللى انته تعرفه ده يا د يا نصر
1,اللهم اكفنا بحلالك حرامك
0,بسعد ربك وصباحك عسل قال انا اردني وبحب القياده الهاشميه وتراب الاردن وسنح الاخوان ولاد كلب هالصبح
0,نعم مصر عايزه راجل مش واحد وسخ بيقرف
0,يلي مكتوب الجبين بتشوفوا العين يعني ناوين النووي راح يفيد المليون توقيع مو الف توقيع الاحترام الشديد
0,هع بدها بس تعلق التعليقات الزنخة
1,﻿وماذا التفاؤل يوم ربيعي جميل نحقق الامال الطوال
0,﻿وانا بس شكلها هاي مو مدرسة
1,كلماتك عذبة
1,﻿هذا سلامي يسبق البرق الطير الحروف معطرة بالتحية
0,وجه حسن عزااب
1,﻿الله يسعدك يبعد عنك شر
0,﻿ لو حد يا جماعة يعرف طبيب اذن يدلني شكلي هارميهم خلاص باظو
0,﻿يااخوان احنا التطور بس منين نجيب سبعة عشر مليار دولار تكلفة المشروع نبدا اولا بااستغلال الرياح الطاقه الشمسيه الصخر الزيتي نبد بتخفيف الفاتوره النفطيه المثل بقول خذ طين بلادك حط علئ خدادك
1,عزيمة ييأس ، ابتغى الأجر الله ثابر، حياكم الله اخي مؤمن
1,صباحكم تفائل
0,﻿البنزين يجي السعوديه بأقل الاسعار الحكومه عندنا تدبل سعره
1,﻿يا رب يكرمنا بأولادنا دائما بشجع إبني كالجبل تهزه الرياح العاتية
0,سخافه
1,﻿الله يحرمنا كلماتك الحلوة يا شيخنا
1,﻿صباح الهمة النشاط شيخنا الفاضل
0,بالله تسكتوا خلينا بحالنا بدناش مشاكل ايه
0,بتمزحي يع قرف
0,﻿ صرت عاءل أشك أب هل أمر صراحتن
1,الوفاء اصبح شئ نادر يكاد معدوم
0,﻿ كسم العته البشرى
1,﻿دعواتك يا شيخ سلمان بالتوفيق الفلاح الظفر حسن الخاتمة
1,﻿لاتحزن فإن الحسنة بعشرة أمثالها سبعمائة ضعف أضعاف كثيرة ، السيئة بمثلها يعفو ربك يتجاوز ، فكم لله كرم سمع مثله جود يقاربه جود
0,دلوعه حيوانه﻿
0,اشاعه
1,اللهم اعنا التغير
1,يا صاحب الفرج
0,﻿ يخرب الدلع
1,يا رب إجعلنا الصالحين
0,عيب والله اسم المقطع
1,البسمه سر اسرار الحياة
1,قل تصاحب أقول
1,الله يوفقنا لصداقة امثالهم
0,خطبه وحده رفض شيخ إخواني النووي الاردني ، مدح النووي الايراني
1,قول يا رب وخد قرار
0,يا جاهلين يلي بحكي الطاقه النووي وجودو كفيل بوفاة شخص وولادة طفل مشوه ولو انو اشي منيح مابزتوه بالصحرا وجودو بعيد بقلل مخاطر بس بمنعها ويلي بحكي انو احنا امه جاهله مابدها تطور بكون هوه الجاهل وعدو نفسو وعدو الانسانية وبلا ننوي وبلا زفت قال نتطور قال لو بدنا نتطور طورنا حالنا زمان مش دور الننووي شعب جاهل
1,وجعلنا الماء شيء حي
0,﻿ مابتحكي معه هيك انزلع لاعاد اشووفك جلطتني
0,يخرب زوئك
1,﻿ابتسم امام الناس لتسرهم تجبر خواطرهم فتبسمك وجوههم صدقه
0,يعني لغبي يدري كاتب اسمها بالورقه ايبيلها ذكاء ترى
1,الحمد لله الفهم
1,يهدي الله يشاء
0,ايوه بالصرمة عراسه
1,﻿ساعات اللى السر اللى بيخلى الناس تحبك العلن يكونوا عارفين انهم بيحبوك سبب
0,انا خلينى ساكتة احسن
0,﻿ لازم اخر توصل اليه العقل البشري غباء اخوكم حمزة اللهواني الاردن
0,﻿ مجرم
0,﻿معظم اصحاب محطات الوقود وكالات الغاز متنفذين د زاد الغني غنى الفقير فقر
1,بدي اروح عمرة الله ييسر
0,يعني لو عايزين يبعوه بلغوني القرف هاض يع يع يع
1,احيانا الوحده تزيل بعضا ألهموم
0,بخزي
0,اللهم ارنا فيهم عجيب صنعك فانهم اذلو الشعوب
1,﻿بارك اللة فيك نتمنى المزيد النصائح
1,كلام حقيقي
0,مسوي مندهش
0,الفاتحة علي ارواح الغلابة
0,اطالب برحيل الحكومة
1,ربنا لتزغ قلوبنا إذ هديتنا
1,اللهم أحينا وأمتنا الإسلام وعلى كلمة اله الله
0,الحق مش لجنة التحكيم الحق الاغبيه المشتركين
1,الله يستر بنات المسلمين جميعا
1,الابتسامه كلمه طيبه بغير حروف
0,سوبر حمار والله السوبر حما سبب تخلفنا
1,يا لطيف ألطف بنا
0,عنجد بخزي
1,﻿ما أجمل الصبر الإصرار
1,سأبقى رائعا معك النهاية بقيتي رائعة معي النهاية
0,ههههههههههههه شكلو عمرو ماشاف كاميرا تصورو
0,مهزلة
0,لعن الله المتشبهين الرجال للنساء
1,﻿الاخلاص اللهم انا نسالك الاخلاص القول العمل السر العلن
1,ربنا يعنا علي شيء
1,﻿كثر الله أمثالك زادك الله علم
1,﻿صبحكم الله يأهل الطيب بالخير يسعد ضحاكم الظهر العشية
0,﻿سنبقى نذكر دولة الشهيد وصفي التل رئيسا للوزراء حبيبآ للفقراء
1,لاتنساني دعائك الصالح شيخنا
0,ولك واحد كندرة
0,﻿الطاقة الشمسية البديل ليست النووية
0,يعني خلوها الاشكال المصدية
1,الله يصبحك برضاه
0,الله يفضح امكم فضحتونا شو هالسخافه
1,﻿اللهم ارزقنا خيري الدنيا الآخرة ارزقنا حسن الخاتمة ارزقنا الفردوس الأعلى نحب ارزقنا لذة النظر وجهك الكريم
0,ﺍﺳﺘﻌﻤﺎﺭ ﺷﻮ ﻳﺎﺣﻤﺎﺭ ﺍﺑﻦ ﺍﻟﺤﻤﺎﺭ ﻫﺪﻣﺖ ﻟﺒﻴﻮﺕ ﻭﺷﺮﺩﺕ ﺍﻟﺸﻌﺐ ﻳﺎﺑﻦ ﺍﻟﺰﺍﻧﻴﻪ ﺍﻟﻌﻠﻮﻳﻪ ﻭﺍﻟﺸﻴﻌﻪ ﺳﻮﻑ تسحقون
1,رافق وافق
1,حلو صديق عمري
0,بنص المقطع سقاله موطبيعيه
1,تحزن دنا فانية بل احزن آخرة باقية
0,خسارة فيك اسمك
1,صباحكم سعاده
1,اللهم استخدمنا طاعتك
1,الاحترام
1,كلام ذهب
1,بجد موضوع رائع وانا اجد مناسب لهذا الوقت يارب احفظنا الفتن
1,الموت الناس رحمه
0,﻿ما انتو ادرى انو الموضوع مش لصالح الصحه العامه بعدين مش اشي بتعملو امريكا لازم نعملو نصير امعه اصلا احنا دول امعه شو بتحكي امريكا الضالين امين امريكا تقلدنا باشي واحد
1,اللهم أعنا ذكرك وشكرك وحسن عباتك
0,حثالة شباب صايع
1,غلبك أمر وعجزت التعامل معه فكرر يا حي يا قيوم برحمتك استغيث
1,﻿ربنا يبارك قدوه للجميع المسلمين انحاء العالم
0,﻿أوروبا كلها تريد التخلص النووي تحاول استثمار الطاقه الشمسية عندهم شمس ربعنا احنا بدنا نأخذ راحت موضته وولى زمانه كثر إخلاص القائمين مصلحة الوطن يا حسره
0,صحيح انك سافل
1,ونشوف اغلى الاحبة الروضة الرحيبة
1,اللهم إنى أقسمت عليك بك تهدى شباب المسلمين وتنور قلوبهم أنعمت طارق بنعمة اﻹسﻻم
1,صدقت
0,متى يجي عام عشان ادخل رجلي الشاشه واحطها بفمك
0,﻿ والله انو نذل
1,صباح الاماني الجميلة المحققة باذن الله
0,﻿ارحمونا صرنا نصف السيارة نطلع بالباص حرام عليكم
1,﻿يخفي صنائعه الله يظهرها
0,ضيعت دقايق عمري بمشاهدة ازنخ اتفه شخص بالحياة اللي بالنص بعرف اسمه
1,﻿يا طيب صباحك خيرات
1,معك حق
1,متخافش يامؤمن قول يارب وحب ربك دة اللى خلق النعمة اللى متعلق بيها يعنى اعظم النعمة دى وانت عارف كدة
1,كلام بليغ اللهم أرزقنا الزوج الصالح يعرف معني رفقا بالقوارير
1,اكيد لو كده الدنيا
0,كله راس المواطن يثير السخرية رفع اسعار المستقات النفطية المستخدمة الصناعة تقول صناعتنا مكسرة الدنيا
0,﻿ يشبه رغد مجنونة هيافاء
1,صح الصح كمان
0,فظيعين﻿
0,بالستايل مقلده الله ياخذ عمره الغبي
1,﻿صباح الخير النور الأنوار
1,احلى اشي الحياة الاستقرار زوج صالح
1,﻿عيش زي بدك ترد حدا ابدا
1,اللهم إني اعود بك الذنوب تزيل نعمتك وتحول عافيتك وتحبس رزقك وتعجل بغضبك
1,﻿حقا
1,﻿صباح ملؤه الخيرات المسرات
1,سبحان الله قادر شىء
0,ده سوسن خالص ينهار اسود
0,جهنم وبئس المصير
0,وبالمناسبة، مصادر الطاقة، فالاردن غني بالزيت الصخري، وفش داعي لمصايب جديدة ع البشر والبيئة
1,﻿اللهم اصلح حالي احفظني نور قلبي اجعل طريق الخير طريقي اجعل عملي خالصا لوجهك الكريم توب علي اغفر زلاتي
0,كلب واطي
1,اللهم معنا علي طاعتك ورضاك وقوي عذامئنا
1,﻿اللهم اغفر وسع رحمتك اصلح ذريته
0,سخيف مره يمسخرون الواحد ومافي شي يضحك اصلا
1,ارجوك يا استاذنا الفاضل ادعيلي بالنجاح مسابقة المجستير العام القادم والشفاء بارك الله فيك
0,مو حلو
0,﻿سدئناك يا كذاب
0,كلو حكي فاضي
1,﻿صباح الرحمة البركات شاء الله
1,اللهم استرنا وجميع بنات المسلمين
1,﻿أنما بعثت لأتم مكارم الأخلاق
0,الله يوخدها
1,انا فعلا عملت كده والحمدلله بقيت احسن الحجات ربنا خدها مني الحمدلله
0,بس انا دايم احسها خشنة رجال
0,اموت بصوتها
1,يا رب سواك
0,لقد اتحفتمونا بلجوكم لجيبتنا انفجرت بفضلكم الفاسدين يتنعمون باموالنا فهل اصبح فاسدا لأعيش
0,يلعن اخت المياعة والبياخة
1,تفاءل بالخير تجده
0,الله يوخذكم
1,والنعم والاخلاق والنعم والصداقه والنعم الاخوه
1,الهم اجعلنا اخوة الله واحشرنا الصديقين والشهداء والصالحين
1,﻿يا رب يتقبل منا الله العقل مو فاضي القلب مكسور
1,هادي الاخوة الصادقة
0,الغباء واضح
0,﻿مين هااي بصورة وئدامها كورس
0,﻿مزعج كثييير
0,الشو اسمو ستار أكاديمي المسخره عل العالم أكاديمي
0,﻿الاردن تمتلك الخبرات الفنيه انشاء صيانة تشغيل المفاعلات النوويه لاردن لديها سوى شهادات دكتوراة المجال نظرية بحته انشاء مفاعل نووي يعنى مقامرة كامله بمئات الملاييين المضحك الموضوع بداية المشروع ستكون انشاء مفاعل تجريبي تعليمي يتبع لهيئة الطاقة النوويه اليس الاجدر بهكذا مفاعل يتبع لاحدى الجامعات ؟ علاوة هيئة الطاقة انشأها رضوة لفلان وعلنتان الاولي يا سادة يتم طرح انشاء شركة للتنقيب اليورانيوم وبيعه لتصبح الاردن دولة مصدرة لهذه المادة مر اخر كثر الحديث مؤخرا يوجد الاردن بترول بكميات الاقل تكفي استهلكنا المحلي
1,﻿الحمد لله بنعمته تتم الصالحات حمدا منقطع
0,عندهم قلة احترام للمشتركين وفلة ادب تجاه المشاهدين
1,الله يبارك فيك لانك غيرت صاحبتي كتير المتؤثرين فيك اللي عرفتني عليك
1,﻿و الله بالنهاية يكونو رائعون
1,يشم الطيب ويتعطر يا دكتور عمر
0,ابن بشار الاسد كس اخت ابوك
1,والله حصل معانا ومع ناس كثيرة بدل حب الحرام بحب الحلال يبدل الله كيانك
0,انشالله انو يطلع كلام فاضي لانو ضربت سوريا الاردن رح اتصير حرب عالمية ثالثة رح اتخلص لما نتخزق
0,﻿الانكسار اسوء الاشياء
1,﻿اللهم اجعلنا ممن يتمتعون بروح ريحان
0,فاشل شله نامج فاشل
1,روعه
1,أخرج أهل سوريا الضيق الفرج
0,فاشله
1,أحلى صباح أحلى شيخ العالم
0,للبرنامج التافه يسمح لهذا الشي
0,البعض يعتقد المفاعل النووي سيحل مشاكلنا الاقتصادية ولكن الأردن يمتلك موارد مالية وهذا يعني الحاجة لشريك أجنبي اعلنت هيئة الطاقة يملك غالبية الأسهم تركيا سبيل المثال وذلك يعني الشريك سيمتلك الجزء الأكبر المفاعل ملك للأردن وبالتالي ستقوم الحكومة ايضاً بدفع تكاليف الكهرباء للمستثمر وبالتالي المفاعل النووي يوفر الكهرباء بسعر
0,﻿ ﻋﺎﻫﺎﺗﻚ ﻳﺎ ﻭﻃﻨﻲ
1,﻿يا رب اسعد قلبي
0,صرماتي براس اهلك
1,صباح الوجه الصبوح
0,مهزلة التاريخ
1,يا حلالي ويا مالي ايوش هييييييييك لازم زمان
0,﻿ما اثقل دمك اغباك
0,ملعوب عليهم
0,برامج سخيفة تهدف لهدم الأمة
1,شكرا دكتور فكلماتك بالغ الأثر نفوسنا
1,يا رب كن وكيل
0,﻿لوين ندكم توصلونا الله هموم المصاريف قتلت الصغير الكبير الله ياخذ حقنا منكم يباركلكم
1,بسمة امل حلوة
1,يارب اوقف جنبي وقدرني
0,كلهم فاجرين
1,يارب ناخذ القرار الصح
0,فهم ادرى واخبر وبل انكارا للشيعة وامثالهم
1,﻿اللهم أغفر لى لأمة المسلمين أجمعين
1,اللهم اعصمنا م معصيتك
1,﻿صح لسانك
0,تحطم ماتبقى اطيافي
1,يا عطاء امنان يا اكرم الاكرمين
1,ربنا المستعان ادعولنا ارجوكم
1,الحمد لله رزقني بالإسلام
0,﻿ والله خبل
0,نيله تنيلكم وين جايبين هالحثانه
1,﻿اللهم أعنا ذكرك شكرك حسن عبادتك
0,يلعن ام اللي باخر المقطع حق عدوله يا ثقيل دم
0,متأكده أنو هذولي مدفوعلهم علشان يجون يغنون لأنو مافي ناس مهابيل لهالدرجه
1,احسنوا الظن
1,اللهم اتم علينا مكارم الاخلاق
1,﻿اللهم اغفر يعلمون اجعلني خيرا مما يظنون
0,كنت اشوف الاجانب اقول موسوسين
0,سوبر حمار
1,كلام حلو ومشجع
0,شو بدو بهالشوفه ؟؟؟؟؟؟؟؟؟؟؟
1,يا الله عالمواساه يرحم ايام زمان
0,﻿ سخيفة
1,عشان هيك قال النبي صلى الله وسلم الكذب يهدي الفجور والفجور يهدي النار
1,ربي ينعم علينا بنعمة الخشوع
0,هديله بالجزمة طبعا
1,ده عمله نادرة الاخلاق ملهاش علاقه بالدين
1,ماخاب دعا الله
0,ثكلتك امك
0,﻿ عاهاتك ياعرب
0,قصدك اخر توصل اليه العقل البشري تفاهات
1,﻿صبأحكم امل مشرق عطا متجدد كمأ شروق الشمس
1,انا فعلا مؤمن بالفكرة دي وبحاول انفذها
0,ماعندك شرف
0,كأنهم خرفان العيد المسلخ
0,عنجد الانسان تافه وحقير
1,بوركت
1,﻿مش عارف لية بيتحوله هما دواره عليك نفسهم معاهم الأول
0,السلام عليكم الحقيقه انا اعرف شو وقاحة هاي اللجنه المشترك يعطي عنده مواهب عنده وهم يعطون عندهمما
0,﻿الطاقة الشمسية البديل ليست النووية
0,اغبياء
1,أحسن شيء العمل يؤدي للاستمرارية
0,مضحك ، بل مخزى ، يا للخزى العار
0,بعين الله يا امال كلهن ستين سبعين سنه وبمضن وبتهون
1,الحمد لله ع السلامه
1,﻿ليتنا نستطيع الابتسامه الاوقات المؤلمه
0,﻿
0,الجيل هيحرر فلسطين شوفه سوريا يقاتل العلويين الكلاب ربي يعلمهم فنون القتال ويربيهم،،
1,بارك الله فيك
1,الحب بقى تيك اواى اوى لما نلقى انسان مخلص حبه الحب ده اجمل واسما عاطفة الوجود
1,﻿الخشوع إحساس جميل جد أمام الله القلب يحب الدمع صافي متعه الصلاة راحه فائقه أتمنى لكل المسلمين الخشوع
1,والله صحيح
1,ربنا يكرمك سعيك وحُبك للمُساعدة
0,صوته مره منبح احسه تعبان عاد زبدولة مابقى يطلع شوي
0,انا واغني وانا بالحمام وانتوا بكرامه صوتي احلا العاهات هذيل
0,أجمل مثل الحُب الصادق الشفا
0,تابعت الجوال بداية صدوره وقبل اقترابه للعالم العربي فعلا يستحق الاهمية
0,انا المفاعلات النووية الأردن
1,ترك شيئا لله عوضه الله نورا وايمانا قلبه
1,ربنا يبارك فيك
1,جزاك الله خيرا ياأستاذ مصطفى ماتبثه انفسنا ربنا يكثر أمثالك
0,يلعن امك
1,جد انتى شاء الله عليكى جزاكى الله خير
1,﻿يجب دائما نعتني بالورود لكي تكبر
0,شغل مشغول قرف يع
1,والله اني لاحس بالشفقة علابنات الجامعات
1,﻿اللهم ارزقنا العمل الصالح الزريه الصالحه ارزقنا يا الله حسن الخاتمه
0,يعني عدولة اللي ابصر وين جاي وصل عشان تشوفة لجنة التحكيم مبين مجنون مش شايف اشي قدامة
0,أسوأ شعب الله الكوميديا
0,معايا زميل زميل يلعن المسخره كلهم مايستحون ذووولي
1,يا مقلب القلوب والابصار ثبت قلبى دينك
0,﻿و الله انكو بتخافو الله
0,رويدا عطيه يا الخبوول
1,أقوال الرفيق المناضل
1,اللهم احفظني
1,اللهم قوِّ إيماننا لنكون أصحاب عزيمة قرار
1,﻿لو أغلقت الأبواب وجهك ، وأظلمت الدنيا، خنقتك الدموع ، ضاقت بك الأرض ، استحضر معنى اسم الله الفتاح القادر سبحانه قادر فتح انغلق أمرك
0,﻿ اخ يا غبي
1,نعم رجل بهمّة يحيي الله أمّة
0,نادرا بتصير لو الشعب بتطور وبيتعلم الوقت
1,﻿صباح الفل الورد يا شيخ سلمان عطر الله صباحك بذكره شكره حسن عبادته
1,صباح الود
1,سلمت يمناك كلام ذهب
0,كلامك غاية الجديه صحيح
0,ليش نتعلم صار اليابان، وروسيا، ألمانيا ألغت نظرتها بناء مفاعلات نووية واستخدام الطاقة البديلة
0,نجد اصحاب السوء يحضرون بقوة لان ها هولاء يحظروالى تشجيع اناس حولهم
1,اللهم اجعلنا منهم وارزقنا الطاقه ولاراده لزللك ياربى
1,طبعا محدش يقدر بس سبحان الله ناس عايشين مياه
1,كلام جميل
0,الباقيين سخااافه سمااااجه
0,﻿ الللجنه تنطاق
0,وهاد اللي بخبص حكي ملوش معنا ابن مين هاد
1,الحمد لله نصرنا نصرا مؤزرا
0,﻿يا جاهلين يلي بحكي الطاقه النووي وجودو كفيل بوفاة شخص وولادة طفل مشوه ولو انو اشي منيح بزتوه بالصحرا وجودو بعيد بقلل مخاطر بس بمنعها يلي بحكي انو احنا امه جاهله بدها تطور بكون هوه الجاهل عدو نفسو عدو الانسانية بلا ننوي بلا زفت قال نتطور قال لو بدنا نتطور طورنا حالنا زمان مش دور الننووي شعب جاهل
0,اسفل بعضهم
1,أجمل الحياة برضى الله
0,﻿ام التحطيم
0,﻿ اين المياه لتبريد المفاعل النووي يحتاج نصف مليون مترا مكعبا المياه لتبريده سنويا الاقل والقاصي والداني يعرف اننا بلد يعاني شحة المياه كعلوم معرفة بالعلوم النووية الطاقة فانا احب يتعلمها المتعلمين بلادنا بدءا جدول مندلييف للعناصر مرورا العناصر المشعة نظرية اينشتاين للطاقة نظريات الفيزياء الكمية البحث عمر البروتون النيوترينو والكواركات واللبتونات وال النظائر المشعة تفتيت الذرة اشعة جاما بيتا الفا الراديوم البلوتونيوم البروتونات كافة النظريات بما انواع المفاعلات النووية تجارب الامم مثل اليابان المانيا روسيا فرنسا امريكا للعلم علوم نظريا سهلة بسيطة يستطيع فهمها الانسان ذو الخلفية الرغبة العلمية الاقل جزء علمائنا يقرروا المسار يجب نسلكه نسير بهذا الخصوص بموازنة المخاطر المكاسب بعدها اساس النتيجة الفائدة الواضحة يتم الاعتماد لقرارهم سلبا ام ايجابا
0,يستمتع برؤية الناس مواقف محرجة سادي اصيل ضعيفة مريضة
1,نعم احسنت ، واجبة مسلم وحق لكل مسلم فتح الله عليكم
1,بنحاول مره نكون افضل
1,الله اكبر ولله الحمد مصر بخير ناس كتير طيبين
0,﻿ عاهات
1,ايوه هيك بدنا ياكم يا شباب مش بس لعب وتسلاية
1,يا هيك الشباب يا بلاش
0,تفائل هاد يا زلمة روح تشائم احسلك
1,يا عني علي ذكرك شكرك حسن عبادتك
0,حزني كثير والله﻿
1,يارب اجمع امتك علي دينك يارب وشت اعداء الدين
0,إعجبه﻿ إطعم آكيد حمضيات
0,كلهم معندهمش احساس
1,انا مش عارفة ابدا حياتي
0,للأسف البعض يعتقد المفاعل النووي سيحل مشاكلنا الاقتصادية ولكن الأردن يمتلك موارد مالية وهذا يعني الحاجة لشريك أجنبي اعلنت هيئة الطاقة يملك غالبية الأسهم تركيا سبيل المثال وذلك يعني الشريك سيمتلك الجزء الأكبر المفاعل ملك للأردن وبالتالي ستقوم الحكومة ايضاً بدفع تكاليف الكهرباء للمستثمر وبالتالي المفاعل النووي يوفر الكهرباء بسعر
1,﻿ابتسم بنيه طيبه
1,صحيح هالشغلة بس قرار وبظن كلنا قادرين نآخدة استعنا وتوكلنا ع الله
0,﻿الرفض القاطع للمشروع لانه بس يتم يشتغل تمام رايح ينباع يتم تاجيره نصير نشتري وقود مخصب يصير اغلى الكهربا لانه للاسف شي بعيد ايدي المفسدين الاستغلاليين يصير زي مشروع تسمين البقر ؛ينتجو الطاقه تروح لاطراف خارجيه خالرج اطار حاجة العامه
0,تفهمي غلط حبيبتي
0,يع يع يع قرف
0,جزمتي اقولك اسفل جزمتي الثورة سوريا اشعلها الوهابيين اللي السلفيين
1,يا مصلح القلوب أصلح أحوالنا
1,﻿صباح الوفاء يا صديقي
1,﻿صدقتي رائعه معبره الكلام
0,بدك الصراحة بدون زعل جهنم الزبانية الملائكة تنتظرك تموت لتشرب فروج المومسات صديد اهل النار شاء الله يا اوباش سوريا
1,﻿بجد تحفة
1,يااااارب إغفر ذنبي وأرزقني حبك ربنا ممكن يكره حد لو فضل يكرر ذنبه الإستغفار
0,سيد شوكت بحب احكيلك انو حنضل نشحد المفاعل للأسف البعض يعتقد المفاعل النووي سيحل مشاكلنا الاقتصادية ولكن الأردن يمتلك موارد مالية وهذا يعني الحاجة لشريك أجنبي يملك غالبية الأسهم تركيا سبيل المثال وذلك يعني الشريك سيمتلك الجزء الأكبر المفاعل ملك للأردن وبالتالي ستقوم الحكومة ايضاً بدفع تكاليف الكهرباء للمستثمر وبالتالي المفاعل النووي يوفر الكهرباء بسعر
0,الوحيد لايتركني ولو لحظه
0,﻿حسبنا الله نعم الوكيل فيكوا
1,﻿اللهم ثبتنا قيام الليل رمضان
1,﻿اللهم امثالك يا دكتور عمرو الله نفسنا تشرفنا مسجد الصديق بشرتون هليوبوليس
1,الحل الوحيييييييد حب الله ورسوله وطاعتهم
1,سبحان الله الله يرزق الدوده جوف البحر
0,اووخص وش هالمناشف ^
0,تأثير الغرب مبين العرب المجانين
1,تماما تحرمنا الصدق الكلام
0,فعلا الطاقة الشمسية البديل وليست النووية لان الدول المتقدمة صارت تتخلص النووي وتتجة للطاقة البديلة وخصوصا احنا الاردن بلد مشمس عالطول السنة والكلفة اتوقع الطاقة النووية
0,عرب اغبياء
1,ونعم بالله العلي العظيم
1,أفعال تضاهيها أقوال
1,﻿سبحان الله خلقه شؤون
1,ونعم بالله عزوجل
1,﻿سبحانك ربنا الواحد الأحد شريك تحيي تميت شيء قدير صلى الله سلم نبينا محمد آله صحبه أجمعين
0,﻿ما ازنخك مقالاتك
1,﻿الله دينا العظيم
0,بتحبو حد
0,يا ترى الحكومه بدها تزيد دعم المواطن الله عونه
1,صلآة آلفجر
1,ربنا يعيننا علي نفسنا
0,ناشدتك الله
0,والله شوي وتجيني جلطه لما ماطلعت الاولى ذيك المره
1,أفعال تحتاج أقوال
0,﻿ تقول داخله ترله انحولت الاغنيه
0,أحنا خلينآ نخلص أم هالبرجين الللي صرلهم سنة وبعدين بنفكر نعمل نووي سلمي هههه الديسي
1,احمدك ربى اعطيت وعلى منعت
0,اللي بالنص لجنة الحكم مفكر نفسو وديع الصافي شقفة علاك
1,انا أحلم اغير العالم ولكن احلم استطيع ارسم البسمه علي وجوه الآخرين
1,شاء الله وربنا يعيننا
1,الزمن الجميل
1,وأعظمها امة سيدنا محمد
1,دعوة المؤمن لأخيه بظهر الغيب أسرع البرق
0,بقرف زيك
1,دين يسر وليس بدين عسر
1,يا مسهـــــــــــــــــــــل يا رب
0,﻿ مهزلة ياعيب الشووم
0,يا ربي شو هالولد الله مجنون مبيستحييش متاكدين انو مغربي
0,تدرون ،، الشرهه ع اللي شجّعهم يروحون للبرنآمج
1,أحلى التفائل الواحد بعيش مرتاح
0,وقّـف قلبو لحسن الشافعي
0,﻿ غبي
0,﻿ والله سوبر
1,ياسلام حلوشديد
1,لو نريد الخشوع حقا نطلق الدنيا
1,﻿لست الأفضل أسلوبي سأظل دائماً اتقبل رأي الناقد الحاسد
0,تبا لكم
1,اللهم ارزق ابناء المسلمين زوجات صالحات وبنات المسلمين ازواج صالحين
0,بلا قرف
1,اللهم شمل المسلمين
1,مفيش اكرم ارحم ربنا
0,زمن يهان المرء ويكرم الكلب
1,كﻻمك كله رائع بجد ربنا يكرمك
0,عاهاتك يا وطني
1,﻿كل شخص فينا بيتمنى الخشوع صلاته يا رب يتقبل صلاتنا صيامنا
0,﻿يا حبيبي هاي صار للرجال تنانير؟؟؟؟؟؟؟؟ تفي ع هيك رجالة
1,نعم
0,﻿ اموت فيج رويده
0,﻿لو يبطلو سرقه بهالخزينه الله الشعب ليعيش لكو ارحمونا حرام عليكم
1,ابدأ بنفسى الأول اغيرها
1,﻿رب صغير يستعظمه غيرك خاصة كنت تمثل الاسلام
0,ﻣﻴﻴﻴﻴﻴﻦ ﺑﻀﻞ ﻳﺸﻴﻞ ﺍﻟﺸﺒﺸﺐ ﻣﻦ ﺟﻤﺒﻲ
1,الله يثبت قلبك ديننا الاسلام
0,﻿الله وكيلك مشحطط اهل دابوق دير غبار عبدون منعم الفقراء
1,كلامك جميل ورائع
0,الهم اجرنا الظلم تجعلنا الظا لمين
0,كارثة بشرية
0,﻿و فادنا بشي رح خسارة كبيرة بالاخر
1,امين
1,صباحك سعيد
1,﻿عين العقل ربي
0,نرفض المفاعل النووي
0,ايه يا ولاد الوثخة؟
1,﻿الرائع سيظل رائعا نهاية العمر
1,﻿اللهم ثبت قلوبنا الايمان
1,اللهم اصلح حال المسلمين
1,الله حيهم هالشباب انتوا القدوة
1,اللهم اعنا ع ترك ترضي
1,﻿الابتسامه جميله
1,يميييي شو هالاكلات الزاكبة هاي شهتونا
1,صباح الخيرات والعبادات
0,انا اشوفه عادي معنى وايش مليوني مشاهد والله يستحق الحد المشاهده وبعدين هاض شي مقزز
1,الامل بالله كبيييييير انشالله
1,القدوة الحسنة خير النصيحة
0,حرام عليك ماتشوفه شلون يصارخ كانه مشجع ملعب
1,يارب اهدينا للصواب
1,يتقي الله يجعل مخرجا
1,الله الرزاق دو القوة المتين
1,الحمدلله ضيق اسجد لله احس اعله مستوا وانسا واتذلل الله ليحمينى فتن الدنيا واحسن منزلى الجنه
0,هههههههه ولكو إحنا ميتين هالوسطه
0,ي وجه الفطيره تعيب الناس أنظر حإلك
0,متفقين معهم البرنامج خايس
0,﻿روح اكتب اشي زي العالم الناس بدل بتتهبل هيك بتتمسخر يا مسخرة
0,﻿ أنوا اع الشماته هالكلبا
0,لأن بعتقد انو هالقد عاهات بيعرفوا انو صوتهم نشااز لأنو كتيير نشاز وازا رح حالات استثنائية مو بهاد الكم الكبير
0,﻿ليش نتعلم صار اليابان، وروسيا، ألمانيا ألغت نظرتها بناء مفاعلات نووية استخدام الطاقة البديلة
0,﻿ لااااااا وربي صوتها غلييييييظ
1,صباحكم سعادة وعبادة مقبولة شاء الله
0,والله حرام يعني مايدرون انهم مصخره
0,وش فيك معصب خلاص بعطيك اللأيك جاني خخخ
1,كلنا انتصرنا نفسنا وعلى الحاجة ددي متعبتنا ومبعدتنا الله
0,الوان مش حلوة
0,انا صوووتي كذا اجي اهباال هوو
0,للأسف البعض يعتقد المفاعل النووي سيحل مشاكلنا الاقتصادية ولكن الأردن يمتلك موارد مالية وهذا يعني الحاجة لشريك أجنبي اعلنت هيئة الطاقة يملك غالبية الأسهم تركيا سبيل المثال وذلك يعني الشريك سيمتلك الجزء الأكبر المفاعل ملك للأردن وبالتالي ستقوم الحكومة ايضاً بدفع تكاليف الكهرباء للمستثمر وبالتالي المفاعل النووي يوفر الكهرباء بسعر
0,مت عليهم حيطه هالانذال اصحاب الاجندات الخاصه الخارجيه العميله
1,أسأل الله يرزقني يدعو ظهر الغيب
0,فعلا مهزله
1,﻿بسمه امل امس محتاجه توضيح اكتر لان الناس خلطت بينها الواسطه
0,شو هالغباء فضحتنا
1,طيب انا عايزه اشوف القصر
1,يارب اعنا علي ترك المعاصي ماحيينا
0,﻿يا أخوان القصه مش قصة طاقه متجدده نوويه الموضوع كالتالي سواء عملنا هاي كلوا رايح جيبة فلان علنتان زي باعوا البوناس الفوسفات اسبوعين لما باعوا المطار لشركه فرنسيه هيك رح يصير بالمفاعل النووي محطات الطاقة المتجدده يعني قوسين آخريتها تنباع فقبل انلم تواقع لازم نلم بعضنا نروح نحاسب واحد لعب قمار فينا نحاسب واحد باع شغله بتخصنا بتخص بلدنا بدون يوخذ رأينا لأنو احنا بلشنا نعد لورى بعتذر الإطاله
1,جزاك الله خيرا
0,البرنامج السخيف الرخيص واضح التمثيل
1,كلام سليم
0,المشاركين بينو للناس اللى قايمين البرنامج حمير
0,قهروني حرام
0,﻿ قرفت انتحر الدرج
0,وش يحسون فيه﻿ يع
0,وقعنا وقعنا يللي بدهم يعملوه بيعملوه
0,شو هيدا دلع اخر زمن
0,﻿ تافهين
1,الحمد لله اصبح وجهك المشرق يوم
1,صباح القشطة
1,اللهم قونا نفوسنا الضعيفة
0,﻿للهم خذهم اخد عزيز مقتدر فانهم يرحموا الضعفاء اللهم سلط عليهم عذابك فانهم ارونا الويلات
0,قسسم استهبال باستهبال
1,وعجلت اليك ربي لترضى
1,﻿كن تتغير أجل أحد
1,تفائلوا بالخير تجدوه
1,الله عليك بجد رنا يهدينا كلنا ويهدي شباب المسلمين جميعا يارب العالمين
1,﻿اللهم أعني ذكرك شكرك حسن عبادتك
1,﻿اللهم ارزقنا السلامة العافية ديننا دنيانا
1,الله يسعد البشر امين يا رب
1,﻿صراحة الارادة القناعة هيا الغنى الاكتفاء
0,صوتها عجييييييب
1,تحفة
1,الله اكبر ولله الحمد
1,يارب قويني
0,والله نوفي صح لسانك
0,﻿فعلا الطاقة الشمسية البديل ليست النووية لان الدول المتقدمة صارت تتخلص النووي تتجة للطاقة البديلة خصوصا احنا الاردن بلد مشمس عالطول السنة الكلفة اتوقع الطاقة النووية
1,﻿طموح الانسان يدفه لتحقيق اهدافه يا رت شببنا يقولن فات الوقت الله يوفق يشاء
1,فإجعل اللهم عوضي
1,﻿اللهم انك عفو تحب العفو فاعف عنا
0,وادم علينا يارب نعمة الامن والامان وسائر بلاد المسلمين
1,﻿ان صفات الاسلام الامانة
1,﻿اللهم اني اسألك خشية السر العلن
0,سوريا تعرضت لمؤامرة والامر المحزن ولاد سوريا انزلقو فالمؤامرة هاذي والشنيعة
0,نعم اردننا قابل للتلاعب بارواح ابناءه
1,الأقل رجل لإمرأة أحبها وهذا يسعدني
1,اللهم اعنى ترك المعاصى حبا نور وجهك
0,اللي لفت انتباهي الدبه اللي﻿ جنبها
0,اكيد عندك ناس بتفهم ووفي ناس الاجانب بتفهم
0,انا الاخ محمد سلامة بهالموضوع
0,اصلا سوبر ستار للعاهات
1,دي اخلاق السلف الصالح
0,صج معوق
0,ههههههههههههههه بقدروا
1,فعلا الله يجزيك الخير دكتور والله يثبتنا ديننا
1,ياريت حدا عم يواسي السوريين بغربتهن للاسف باب رزق جديد للعرب
1,ستجد مساعدة الله وعونه تكن النية صادقة
1,﻿اللهم اعتراض حكمك ارزقنا خير الرازقين
1,﻿الحمد لله القضا القدر
1,جميله اوى اوى اوى يارب الكل يحس معنى الكلام ده
0,اننا نعيش زمن بلا رحمه
1,اللهم ارزقنا رزقا حلالا
0,ليش تتضحكو مش حللللوو
0,﻿ يا فضيحتك يا لبنان بهيك عالم هيدا سكت اني ولك دخيل الله خليك ساكت
1,اللهم وفقنا لما تحب ترضى يا رب
1,الله يزيدك العلم تنتفع الامه
0,﻿ ابلعن وإلديتس ي الهبــلاا
1,الله ياريت يبقى اخلاق كدة الوقت دة
1,اطمئن يا قلبى فرزقى ياخذة غيرى
1,﻿انت مو جوعان شوكولاته افرح
0,للناووي
1,اعمل ايه لو عاوزة اشترك نهر الخير
1,﻿و بحب الناس الرايقه بتضحك طول
1,تبارك الرحمن اللهم زد فينا وبارك ياارحم الرحمين
1,مقال رائع والله يهدي بناتنا ياااارب ويرجعهم للصواب
1,﻿يا شق البحر لموسى خرج
0,﻿ جد سوبر أبقار
0,صوتك موش حلو
0,﻿اللهم انا نشكو اليك ضعف قوتنا قلة حيلتنا حسبنا الله نعم الوكيل
1,﻿فعلا البت جده لما تحتاج ليه الانسان الصادق البستاهل تضحي عشان
0,انا ابو عدولة لو قدامي صدق اني راح العن ابو جابه
1,ربنا يبارك فيك ويبارك إللى ساعدك الحمد الله وسبحان الله
0,والشرهه الاغبياء اللي معطينك لايك
1,كلمات حلو
1,ﺻﻠـﻲ ﻋﻠﺸـﺎﻥ ﻏﻴﺮﻙ ﻧﻔﺴـﻪ ﻳﻘـﻮﻡ ﻣﻦ ﻗﺒﺮﻩ ﻳﺼﻠـﻲ
0,لبنان وزبالتوا
0,سامجين بس يمسخرون المشتركين وقاحه
0,مجنون صوتها انا
0,وش جابني ثقيلين دم
1,قصة رائعة أفادك الله العلم لتفيدنا دائما
0,دلع
0,مش بني ادم انتي جنس الحيوانات
1,ثبتك الله يا أستاذي نصرك
0,الله يشبعكو يا ظلمة انشاء الله كلو بتلقو بالاخرة يا ظلمة خافو الله طبعا بتعرفو الله
0,﻿و سيارة الحكومه السعوديه اجن هديه يزلامه المسؤالين اكلونا
1,اللي ربك دايمًا جنبك
0,ههههههههههههههههههههه مهيه خربانه شاء الله يعملو مفاعل قرد بطلت تفرق
0,انتة والمعك كلهم سافلين ووقحين
1,الارواح جنود مجنده تعارف أأتلف تنافر اختلف
0,﻿ كتكوت ضعيف الجناح الدنيا غدرت هااا
1,﻿نحن نحبك الله ندعو بظهر الغيب
0,والله ظلموه لجنة الطراطير
0,وربي عآإهات مستعصيه
0,هما بس بيسعوا للغناء ده طبعا الاشتغالات والافلام الهندى احنا شفنها
0,﻿أنا النووي الأﺟﺪﻯ ﺑﺪﻭﻟﻪ كالأردن البحث مصادر للطاقه النظيفه خصوصا إننا نفتقر للماء الأجدى بنا نبحث سبل لحل مشكلة المياه بالمبالغ ستصرف المفاعلات النوويه
0,حركة ارحمينا الله يشيلك اقول اخوكي وابوكي راضيين عنك اف عندك ايزي
1,فعلا الطموح سر النجاح
0,أأأأأه لو القرآن لقلت أنكر الأصوات لهذه الأصوات
0,الله يلعنو
0,خسئو وخسئ امثالهم طاوعهم
0,﻿ طول عمرك تخاف الحب أجل
0,﻿والله احنا مو ناقصنا وجع قلب بس ضايل علينا النووي صحة البشر مش برضو خطية المسؤولين ﻻ خلص عاد شي فارق والله عحب
0,الخبر صحيح انا اول شخص بطالب بالهجرة لاي دولة خليجية اوروبية اسرائيل
1,يارب أخرجنا ذل المعصيه عز الطاعه
1,اللهم ثبتنا وثبته دينك الحنيف وسنة نبيك
1,﻿سلمت سلمت يداك الاخلاق الكريمة علمنا اياها رسولنا الاعظم صلوات الله سلامه اننا انشاء الله سنفعل بوسعنا نرسم صورة راقية جميلة ديننا اخلاقنا الله المستعان
1,صباح الزنبق والفل والياسمين
0,ودي اكسر الابتوب راسه
1,قول يارب وخذ قرار
0,بس الحكام ماعندهم ذوق للأسف
1,ربنا يكرمك يا دكتور
1,بارك الله لكما وبارك عليكما وجمع بينكما خير
1,﻿فتحه نصرة نوره بركته هداه
0,ولكن المفاعل النووي مضر بالبيئة فهمني ؟؟
0,لجنة زبالة ذا بفهمو بالفن خاصة ابو النظارات اللي مش موجود بالفيديو
0,﻿ذا مرتك بتعمل هيك يا ادمن تفكر الرجال مثلك تفي عليك
1,﻿اللهم زينا بالخلق الحسن ارزقنا الامانة نظافة القلب اللسان امين
1,صباح ﺎلإشتياق لِتلک ﺎلتي تَجّري مِن تَحّتِہا ﺎلأنہَار حُزنَ فِيہا
1,﻿الله الله عليك يا استاذ عمر بارك الله بارك عليك جزاك الله عنا خيرا كثير
1,﻿اذا تقل للظلم فسيستمر الابد
0,كاميرا خفية الانحطاط الاخلاقي
0,صوتك وحش
0,احدالاخوة
1,يالله اروع هائولاء الناس
0,الظاهر جايين يستهبلون عالحكام بس
0,خسئ الشيعة اخوان القردة الخنازير
1,يارب دعوناك فستجب وحقق ماهو اصلح وافضل
0,انتخب مين يا عم ناقصة لبخة الكلام معتش الاهبل ده كمان يبقى رئيس جمهورية
0,صارو يبيعو يشترو البلد متل بدهم
1,الله غلى المسلمين توادهم وتراحمهم
0,باللـــه عليكم تستحيوا انفسكم قدومكم البرنامج م الم تعلموا مسابقات لانكر الاصوات قناة اخرى
0,﻿ايه راحه المسكين ياحرام
0,الله الله ياشيخ ابراهيم كم والله يسعد مساااااااك يارب
0,يا خسارة الدقيقة وثنين وخمسين اللي ضيعتهن حياتي المقطع التافه خخخخ
0,بعدك ماشفت اشي
0,بيجيبو الشيوخ ليسهزاءو فيهم
0,يا دم امك الرخم
0,عاهات العرب الجرب
0,مبرد وجوهكم
1,الجميل اخفيته ظهرا
0,مسخره والله
1,سلامي عليك
1,منهو دنا منك
1,الله اكبر والعزه للسلام
0,شفتها اقول وشذا الكيك ^
1,﻿ولا تنسو تبسمك وجه اخيك صدقه
0,﻿دلوعه مايا﻿
0,احذفه لاني بجلس احش فيهم لمين اكفر
1,﻿صح كلامك أحلى حكمة محد يبقى للنهاية رغم اتفاق الطرفين
1,اعنا يا ربنا
1,والله الكل نعمة كبيرة
1,الله يهدي التائهين والضالين طريقه
1,﻿اللهم تجعلنا المنافقين
0,مشكلة يغني كثيراً الحمام ويتصور اصبح مطرب
0,﻿و ارضيت يا دولة الرئيس الله اسهل عليك يا عون الخصاونه
0,الكلب حده﻿ روعه
0,؟ سخافة الشاميين ابدا ينفع الكوميديا
1,جميلة المعاني المجردة تنزوي التطبيق
1,ربنايقويك اتشجعي وخوذي قرار وخلي الصحبة الصلحة جنبيك
1,يارب المستعان فأعنا واهدنا يارب الكون أجمع استجب
1,اسال الله علاه يحفظكم بما يحفظ عباده الصالحون
0,﻿الشعب اختار نواب خرجين سجون سوابق بستاهل هيك مشان دينار الله يرد هيك شعب
0,مش عارف الناس بتحبك يا زلمة؟
1,قصة حقيقية رائعة عبرة لكل زوج وزوجة المودة والرحمة
1,يا رب ارزقنا الفرح والسعادة
0,﻿ سبحان الله غصبن مايرضى ودهم يروحون النار بالحرام موفالحين
1,الله يتئبل صلاتنا
0,والله تحشيش
1,﻿ بوركت جهودك سلمت اناملك
0,الله يلعن ام هيك نمر
1,احسن أظن بالله وتوكل وحده
1,﻿يا رب يا خير الرازقين ارزق أهل سوريا المسلمين النصر الثبات التقوى
0,دار الزمن وصار الوسط الفني كله نفس ذي العاهات ووضحكو هما علينا
0,اجل قدوم ٢٠ الف الجيش الامريكي
1,الله الله اخلاق الصحابه اصحاب رسول الله
1,﻿عندك حق أمل جميل مشرق
0,شو هالمنشور الوسخ
1,مفيش اجمل الانسان يحافظ كرامته
1,﻿اعنكم الله تقبل منكم يسر طريقكم
0,وش التخلف
0,بعرف بس مو حلو
0,هيك الخبر انا بدي اعيش
1,يغير الله بقوم يغيروا بانفسهم
0,وانا انو الطاقة الشمسية البديل
1,﻿احلى شىء النهاية الباقية صح كلامك
1,يعطيك العافية
0,عفكره البيج هاد قرفني وقلب معدتي شو للاسف انتا انو عرفك هيك الوضع بتفتح بالفنجان يا ناس خفوا علينا الدين مش للايكات وكمنتات
1,بتقول كلام دي الفل
0,احنا بنتهاوش الكتب
1,أفتخر إني مسلم نعمه نعم ربي
0,عيب عليكوا تقارنوا وحدة زى دى بالمصحف هوا كلام ربنا
1,اعملوا لآخرتكم
1,يارب احمينا شرور انفسنا وسىئات اعمالنا
0,احقر هيك خيانة
1,﻿صباح هادئ ۆ انفاس تحمل تفاؤل ۆ يقين گل مَ سيكتبہ أللہ ﻓي يومَ خير أصبحنا أصبح الملك لله
1,الله يتمم افراح الجميع يا رب
0,جهنم وبأس المصير
0,هات ناس تفهم والمثل بحكي اسأل مجرب تسأل خبيير
0,رئيس مو عارف يحكي حرف الاس روح تخيب ولك يلعنها انيسه هيك جحش خلفتو
1,أسوء شيء تكذب لأنك ستبدأ سلسلة نهاية الأكاذيب النهاية ستكشف
1,تركنا شئ اجل رضا الله اللهم ارضى عنا
1,طبعا واقع
0,والله انك زلية يا شيخ اكيد مدفوعله تحت تحت
0,اصغيره اغاني والله انقلبت ادنيه﻿
0,زنخة زيك
1,اروح عمرة واشوف الكعبة
0,والله حرق لاخوات الكلب
0,للمفاعل النووي
1,يارب عوضنا خير مما أخذ منا
1,سلمت يداك روعة
1,الله يثبتك ينور طريقنا
1,تمام
1,﻿و مفيش احلى قضاء ربنا
1,﻿ نجدد قلبنا بالإيمان
0,خمسة مليون يوقعوا علي رفض المفاعل لانة يدمر الاردن لان التقدم ياتي عدم النهب للمال العام يعني يجب وقف النهب وهذا مشروع فاشل يومة
0,مسخره
0,يعني يجبون كم واحد يعطونهم فلوس ويجون يستهبلوا عندهم عشان يحركون البرنامج
0,﻿هههههههههههههههههههههههههه الحلو انكم بتحكوا اساس انو الأردن فساد سرقات
1,أكيد جزاك الله خيرا
1,جميل
1,امتنا زيها
1,اكيد ماحدا بيقدر يارب اعن الفقراء واعنا ع مساعدتهم
1,اللهم اعنا ذكرك وشكرك وحسن عبادتك
0,ذبحتونا
0,ناس مطفرة الآخر
1,انته جميل ربنا يثبتك واتمني المسلمين اخلاقياتهم حياتهم العاديه قدوه ودعوه لكل المسلمين
1,﻿الله يعطيك الصحه العافيه
0,﻿ سلمتك بيد لله فظيع
1,نعم والحمد لله
0,﻿المفاعل النووي سيحتاج لشريك استراتيجي يمتلكه جزء كبير ستدفع الحكومة الأردنية ثمن الكهرباء لهذا المستثمر لذلك يوجد احتمال كبير ترتفع الفاتورة
1,﻿كلام سليم الف بالميه الله
1,صباحك نور
1,﻿صباح الخير التفكر
0,﻿لنفترض جدلا اضرار صحية بيئية سينتج بناء مفاعلات نووية سلمية ، دعونا نفكر الكلفة اولا كلفة بناء عالية لعدم امتلاكنا لهذه التكنولوجيا شكل ديون تثفل كاهل العشر اجيال القادمة، ثانيا لنفس السبب سنستورد خبراء للتشغيل لسنوات طويلة مما يزيد كلفة الطاقة وليس العكس ناهيك حصول اخطاء مفترضة مستقبلا ثالثا اين المكان البعيد المدن الاردن واين مصدر المياه الكافية للتبريد رابعا حق المواطنين واصحاب القرار الحصول تقرير منشور للاثر البيئي مسبقا نفس الوقت نستطيع الحصول نفس كمية الطاقة الصخر الزيتي نمتلك احتياطي هائل الغاز الطبيعي المؤمل مستقبلا الطاقة الشمسية طاقة الرياح بكلف نسبيا اقل بكثير النووي اعباء ديون اضافية
1,﻿اللهم اغفر انا كنا ظالمين ادخلنا الجنة سالمين
1,الله يفتح عليك
1,أحيانا الفشل دافع للنجاح
0,اكيد بقرف
1,صباحك جمال روعه
1,يا رب اعني ع إتخاذ القرار
1,اللهم امليء قلبي بحبك
1,﻿يا رب بلغنا رمضان راضي عنا
1,الله يفرح الكل ويجمع المتحابين خير
1,ربنا يصلح حالنا
0,لانهم يكونو قاهرينك
1,صدقت والله تريد وانا اريد والله يفعل يريد
0,لى جماعه الاخوان الخسيسة بدكو الوطن يتصلح وانتو قسمتوه لفريقيين واحد منكم اخدنا لمطرح ومش عارفين واصليين لوين
0,فانا اناشد الحكومة الاردنية بألافراج اسرى السلفيين التوحيدين الموجودين سجونهم
1,سعادتنا بحسن الاستمتاع بالأشياء نحصل، بحسن الاستغناء الأشياء نُحرم
1,﻿انشاء الله نكون راضين بقضاء الله لكننا نرجو الله اللطف
1,رائعين يا مصريين
1,﻿قصة جميلة مهمة
0,﻿ اللهم شماته ليش ياربي يحرجوا انفسهم
1,يارب يتقبل منا والله العقل مو فاضي والقلب مكسور
0,الطبقة الوسطى طريقها الانقراض يد عبدالله نسور
1,هاي اخلاق خليلنا الحبيب
1,الكلام البدايه بكون حلو لاكن يبقي خير
1,﻿ان شاء الله يتقبل الله صلاتنا يزيد صلاتنا الخشوع
1,﻿يا رب فرج
1,وفقكم الله
0,هههههههههههههههههههههههههههههه نووي صوبة بواري كالعاده نصبه جديده
1,احلى الوجود بقرب الله
1,حماك الله النكد
1,بجد ربنا يبارك كلماتك بتوصل والله
0,﻿ والله بالي مجنون
0,﻿ صوتهآ بعيرَ ومصدقه حآلهآ
0,لجنه حكم ماعندها ذره احترام
0,والله لو يجمعونهم شاطئ البحر الميت ويخلونهم يصرخون اليهود ولمدة ليهربون لقبرص طريق البحر سباحة
1,فدمك عود عنبر
0,﻿ الله انو مكب نفايات نوويه اشتغلت بالمفاعل موقعه بعلان بالسلط
1,الماء الحياة
0,﻿ بعرف حكايات مليانه عاهات مثلكم مجانين يا صيدااات جورج وسوف
0,طيب ليه السخريه دى ماكنا كويسين
0,والله ايلى اختشه ماتوا
0,﻿احنا شعب مش عارفين نبني شارع نعمل صيانة موضوع مفاعل عنا خبرة البلاد المتقدمة بس بلشت تلغي النوع الطاقة حنا لجأنا تناسين اننا منطقة حفرة الانهدام عرضة للزلازل اننا عرضة للنصب الجهل الفساد المتفاقمين عنا نسب السرطان المتزايدة بدون واسطة بالاخير بقولوا عنا شعب متخلف رفضنا علم صعب التطبيق عنا الاولى انو نراجع ادارة الموارد الاصلاح تقويم انفسنا لحل مشاكل الطاقة وغيرها
0,روح انتحر
0,الله يلعن امك وش ها القرف
1,يا ريت لو يعملوا دورات الزواج
0,وذلك ليذوقوا ايران وسوريا وشيعتهم وبال امرهم
1,اميره ممكن اضافه لو سمحتي
0,نا بدي نموذج لسبونج بوب ههههههههههههههههه
1,سال لله الهادي الخالق
1,الاهم نكون صادقين نفسنا لنكون صادقين الاخرين
0,اللهم ارفع ظغط فايز الطراونه
0,﻿ بطني وجعتني الضحك
0,واحد واطي
0,ههههههه والله صدقتي همة اصعب شئ الستين سنة الاوليات
1,اللهم زيد المسلمين وبارك فيهم
1,والشكرلله والفضل لله النعمه انعم الله علينا وجعلنا الماء شي حي
1,عنجد الكذب اكبر ورطه
0,هههه انا ناحيتي هاظ الانسان قاعد بلنص اقرف واحد
0,كسم البرامج العربية متخلفة بنت شرموطة
0,يلعن ابوك
0,بس مش منهم البنات يلي بالجروبات
1,نعم الاخ أطيب قلبه
1,تحزن الله معك
0,هلأ كففت قسوتك
1,يارب تهدينا الصراط المستقيم
0,المرة الجاية راح الرفع للميه استمر الخلط
1,اللهم ارزقني حبك حب أحبك حب عمل يقربني لحبك
1,الهم سدد خطاه وجعل الاسلام نور لكل البشر
1,ربنا أصلح أحوالنا
1,اللهم ارزقنا الصحبه الصالحة
0,اين ذهبوا العلماء والمخترعين والمفكرين جرب جرب
1,﻿يا لطيف الله يلطف فينا يصلحنا ظاهر باطن
1,اللهم أبعد عنى شهوات الدنيا وقربنى منك وأغفر لى ولكل المومنين
0,قمة التخلف والانحطاط
0,كنا نقول عاهات
0,اغرورقت عيناي بالدموع
0,شو هاض المنشور الوسخ
0,الله حيك شيخ ابراهيم بالفعل حكم يا نشمي
0,معوق جنة جورج وسوف
0,مش طبيعي
1,استعنت بالله وتوكلت ونيتك صادقة وف يقف الله بجوارك يخزلك ابدا احبك ربى
0,فكره المعلقين هدول ولاد حرام
1,﻿البيت اللي فرح سعادة دايما بكون متفائل سعيد بحاضره مستقبله
1,تحزن الدنيا اشي تحزن
0,سبحان الله الزلمات ثافهوووون
1,﻿انا بحبك لله
1,﻿صباح يغِسلُ گل يروقني فيً حيٱتيَ حيٱة ٱحبتيّ يِجًعلنٱ نتَنفِسْ حُبٱ
1,الحب الحقيقي عملة نادرة فعلاً نعمة كبيرة الله عزوجل
1,يا عمي احلى الاكبل
0,كلهم فاجرين
0,للأسف البعض يعتقد المفاعل النووي سيحل مشاكلنا الاقتصادية ولكن الأردن يمتلك موارد مالية وهذا يعني الحاجة لشريك أجنبي اعلنت هيئة الطاقة يملك غالبية الأسهم تركيا سبيل المثال وذلك يعني الشريك سيمتلك الجزء الأكبر المفاعل ملك للأردن وبالتالي ستقوم الحكومة ايضاً بدفع تكاليف الكهرباء للمستثمر وبالتالي المفاعل النووي يوفر الكهرباء بسعر
0,﻿ رهيب حسن تعاالى تعاالى
0,بعن الله ابوك وعدوله يالسامج
0,تنظرون الشام يقتلون بدم بارد
0,رائعة الحَرف نَقية المَعنى
1,قال رسولنا الكريم مثل المؤمنين توادهم وتراحمهم كالجسد الواحد اشتكى عضو تداعى لسائر الجسد بالسهر والحمى
0,اصواتهم التوتر خربت
1,اللهم اهدنا ثبتنا
1,﻿سبحان الله اللهم أرزقنا الطمأنينة اليقين
0,ولاةُ أمرك الوهابيين يكرعون الخمر والسديقي كرعاً بالسر والعلن تطبيق الحدود عليهم
0,سخافه مالها حدود
0,خنقوووني
0,محششين خخخخ
1,دعوة اخاك بظهر الغيب ترد
1,﻿الشكر لله اولا د ر خالد سبب أرتد الحجاب
0,﻿ والله الحياة كلها بتخزي بدونكم
1,رائع ولاجمل ♥حب ربنا
1,يا سلام الوفاء
0,﻿للي مفكرين المفاعل راح يطورهم المفاعل راح يدمر الأردن المنطقة اللي حولها لأن الفساد الموجود بالأردن مش موجود بدوله أخرى وهذا يعني الفاسدين رايحين يسمسروا يلهفوا لما يوصلوا اشكل مفاعل للأردن ناسين المفاعل يحتاج بحر ماء للتبريد لانملك ماء للشرب ناسين التطور بمشاركة الجميع بقرار فردي ناسين أقر المفاعل المحتكر الأول هيئة الطاقة شاغرها بقي معلق أثناء فترة تسلم طوقان وزارة التربية التعليم ؟؟؟ لدول المتقدمة بدأت تبحث بدائل للمفاعلات احنا بنشتري الخربان منهم مشان التقدم بلدنا بفضل الله لديها طاقة الرياح طاقة الشمس يتم إستغلالها بدل المفاعل النووي طالما أكلنا معظمه فاسد صالح الجشع الطمع الفساد
0,يلعن الساعة بشرت فيك
0,﻿ اقسم بالله منتهيي
1,الله ايه الجمال ده سبحانك ربي
1,رضيت بالله ربا وبالاسلام دينا وبمحمد صلى الله وسلم نبيا ورسولا
0,اخبار مسخرة
0,لعنكم الله جهنم وبئس المصير ايها العازفووووون
0,اللي صوةتو بشبه ابو وديع ليش بتمسخرو
0,برنامج فاشل
0,اه يا ابو القمل
0,ملاحظه الكبسه بتكهرب والله
0,﻿ مجانين أحد يضحك عليك وأنتم قدامه وتكمل
1,عجل يا الله
1,المواساة والمحبة بكل الامور رمز الاخوة
0,﻿ لازم يحكم عليهم بالسجن
1,ياي ازكاه هاد الاكل
0,﻿ مستحيل يطلع واحد يفشل كذا
0,ولو انسان وعنده احاسيس ممكن هالموقف اللي الكل يشوفه يتعقد هالإنسان حياته كلها
0,حسيت كله تمثيل وسخافة غباء
1,اللهم رزقنا مكارم الاخلاق
0,تستحي تقارن القران بوحدة ساقطة انعل ابوك ابو الملحد
1,الاولى تغيير العالم تغيير النفس بداخلنا
1,الوفاء قلبك لقيت
1,قصة جميلة تعلم الناس كمان الامانة لان اخذ القليل اخذا الكثير
1,اجمل حاجه الحياه كلها اننا نرضي ربنا وبس مش كتير والله علي ربنا بالعكس ده حاجه نعمته علينا كفايه اننا مسلمين بس الحمد لله
1,الحب الاصيل الوفي بكل معنى الوفاء
0,وين القناه التافة تعرض هذول المعاتية صحيح انحطاط
0,انا انجنيت
0,اقسم باللله العرب الشعوب تخلفاا
1,يجب مسلم الإعتزاز بدينه الأمور صغيرها كبيرها
0,ليش يعني اخترت مصيره فتح يا تافه المؤتمر السادس كمان يا ابن الكلب
0,شو انا مسخرة كلكووو خنازير
0,تفه عليك وع شكلك ، أول نشهرت طلقت زوجها ، خنزيرة
1,ترك شيءا لله عوضه الله خيرا
0,والله انك فشلت العرب
1,﻿اللهم تدع لى ذنبا غفرتة للهم اصلح لى دينى
1,﻿يا يرزق النعاب عشّه هيّء مقادير
1,تقنتوا رحمه الله وسعت شيء مهما عصينا فلنا رب كبير رحيم ورحمن
1,الدين أخلاق
0,قوة اللا بالله العظيم ،لم أكن أعلم نسبة ذكاء العرب منخفضه الحد
1,﻿صباح النور السرور الورد المنثور
0,شو يعني بدك ايانا نحكي وراكي مش حلوة
0,الله ينتقم حمزه منصور واعوانه حسبنا الله فيهم
1,اللهم اعز المسلمين
0,﻿للأسف البعض يعتقد المفاعل النووي سيحل مشاكلنا الاقتصادية الأردن يمتلك موارد مالية يعني الحاجة لشريك أجنبي اعلنت هيئة الطاقة يملك غالبية الأسهم تركيا سبيل المثال وذلك يعني الشريك سيمتلك الجزء الأكبر المفاعل ملك للأردن وبالتالي ستقوم الحكومة ايضاً بدفع تكاليف الكهرباء للمستثمر وبالتالي المفاعل النووي يوفر الكهرباء بسعر
0,دلوع
1,﻿اللهم ارزقنا ترزق البغاث تسلميلي هنوده حلوه كثير الله يفتح عليكي يهدينا اياكي
0,اعطيه علي راسي هدا الصح ياحاجه الله اكبر
1,بطلت كتير ابطل والتزم ربنا برجع تاني ارجع ارجع اكتر الاول
0,حسبي الله ونعم الوكيل فيكم
1,﻿من توكل الله يعانق قلبه النور الصفاء
1,ياااااارب اعنا عدم معصيتك
1,اللهم القلوب الضاله
0,﻿مش شايف العالم مش ملاقيه الخبز واحد بشتغل سياره رح يوكل هوا بارتفاع المحروقات الاكل الشرب رح يرتفع
1,وياريت بتظبط الكذب ماوش رجلي
1,﻿الحمد لله مااكرمك يا الله
0,﻿ سماجه سماجه ووالله البنانيين دمهم ثقيل مره
1,ربنا يباركلك يا أستاذي يعزك
0,شو الاشي بيضحك ازنخك
1,نعم صدقت لله درك
0,يارجاااااااااله ينهاااااار﻿ منيييييلل
0,والله شككني البرنامج انة سوبر ستار برنامج كوميدي
1,﻿اللهم انا نعوذ بك الرياء النفاق
0,حرااااام والله حزنت شو هالموقف الشنع
0,ثقيلين دم كثير
1,دم البشر أحمر
0,الغلط مو المشاركين الغلط نفس البرنامج المفروض مرحله فرز البدايه لايطلعو الهواء
1,﻿مثال جميل برة لكل يحمل رسالة الاسلام
1,﻿الدين المعاملة بالمظاهر
0,﻿ تضحك كانها مفجوعه شيئ
1,احلى الواحد يوكل وينام
1,لطيف
0,بارد ومصقع
0,ازا حالك احسن حالو دوس لايك وقول سبحان الله
1,الله يهدي النفوس
1,﻿اللهم قني عذاب النار ادخلني جناتك
1,الحمدلله حال
1,﻿و الله ثقف ده بيقول كلام زى الفل
1,باذن الله بديت ولو مؤخرا بنفسى الحمد لله
0,﻿ سخافه
1,﻿اللهم اجعل سريرتي خير نيتي اجعل نيتي صالحة
0,لهالدرجه متخلفين الوطن العربي؟؟؟؟؟؟
1,العبرة بالختام
1,﻿اللهم ارزقنا الاخلاص القول العمل السر العلن الرخاء الشده العافيه المرض الابتلاء
1,يرزق يشاء بغير حساب
1,صباح جميل الكون
0,فيديو بايخ
1,﻿كرامتى اولى
1,يااااااااااا الله احلاه خبر والله فرحتوني
1,﻿صباح الخير الاشراق الامل
0,هيك بدهم الخونه اتباع ايران الاخوان المفسدون
0,عنجد زلمة شكلو بخوف
0,الله يسامحك حبيبتي افهمتيني غلط
0,تليفيزيون المستقبل صار سيء للغاية أدري ليش
0,شو بالا يا دانيا المشكلة مش عارفه تكتب هعهعه
0,تشهير ملعون والدين المفروض يعرضونه
1,الله الكلام يا رب أعينا
0,تخسا هما واحد بشد عأيدهم مشكلتو شعب سوري يدعون البراءه وهم قمة النذاله
0,﻿ أخ يا بطني عورني الضحكككك
0,فشرت عينك
1,﻿ما شاء الله الله يثبتك
0,﻿للأسف البعض يعتقد المفاعل النووي سيحل مشاكلنا الاقتصادية الأردن يمتلك موارد مالية يعني الحاجة لشريك أجنبي اعلنت هيئة الطاقة يملك غالبية الأسهم تركيا سبيل المثال يعني الشريك سيمتلك الجزء الأكبر المفاعل ملك للأردن بالتالي ستقوم الحكومة ايضاً بدفع تكاليف الكهرباء للمستثمر بالتالي المفاعل النووي يوفر الكهرباء بسعر
0,واحد عنجد ادب الله يموت امثالك
0,تعليم الاطفال علا الاغاني وعلا الرقص بدلن تعليم﻿ القران الكريم بدلن تعليم الدين الله يوفقكم
1,يارب كون معاي نو ترك شيئآ لله عوضه الله خيرآ الدنيا الآخره جربو وحتشوفوا بعينكم إللي حيحصل
0,فلسطين راحت يا ولاد المخنثة لعنة الله عليكم فظحتونا
1,اسعد الله صباحكم علامتنا بالخيرات
1,نعم الوقت يمر بسرعة
1,﻿املأ رئتيك بعبق السماء ولادة صباح جديد تهتز الحياة تحتفل أيقظ عقلك بالنور ابعث همتك حية متوثبة ، لتطوي نهارك فرح
1,﻿اللهم رزقي فقربه قريبا فيسره كثيرا فبارك
1,إنما المؤمنون أخوة
1,سبحانك ربي اني كنت الضالمين
0,بشار الاسد كــــس أخـــتـــــك
0,﻿منك لله بس
0,فعلا برنامج ساقط واللي بيتابعه أسقط
0,والله ذا الادمي معاق
1,صدقت يا أستاذ عمر
1,يا مقلب القلوب ثبت قلوبنا الاسلام
1,حفظ سور جديدة تسميعها الصلاة يساعد التركيز
0,﻿ يا سيدي هدول عاهات ولله يعني فيك تسحب عليهم قرض البنك كونهم عاهات
1,ترك شيئا لله عوضه الله خيرا
1,يأتيك بالأرزاق تدري
0,عاهاتك يا وطن
0,بقطعكم شو حقودييين
0,واحد هامل
1,الماء اساس الحياه
1,هاكدا دين المحبه الصحيح بس للاسف الكثيرين يتبنوه حسب يشتهون
0,شو هالافكار الجهنميه يا خال
0,هاد كلو كزب ياهبلة والله
0,كلب وحقير
0,فطست ضحك الشايب
0,الحمد الله علشان نرتاح جميلة الدعم
0,انا شايفو انو المفاعل راح ينعمل الاردن راح يخدم دول تانية عني مش عشان سواد عيونا
0,عندها صوت قوي بس للأسف الحين مثل غيرها
1,﻿سبحان الله مالك السموات الارض
1,قول يارب ادعي كتير انك تكره المعصيه وربنا كريم
1,الله موجود
1,﻿و يرزقكم تعلمون
0,يلعن ابو التخلف
0,الله اكبر ظالم
0,طلعوا العرب اخس واخس واخس
0,المرأة تهان وتعامل كأداة جنسية تحت مسميات عديدة كالمسيار والمسفار والمصياف إلخ وكلو بتمنو
0,اقرفني والله
0,هل الثقه بالمشتركين زاايده لدرجة العمى محيطهم يجاملهم بجمال صوتهم
0,عني يعلقو انا
0,اسفل بعضهم
1,﻿يا جماعه دعواتكم لاهل سوريا فهم اشد الحاجه لدعائنا لنرفع اكفنا لرب الكون يحميهم يحمي امة محمد تنسوهم دعائكم المال وهبكم الله فيا بني ادم يوما ويوما عليك تدين تدان
1,يوم اكل وانا مش مستعجلة
1,والله الرساله دي جاتلي وقتها قولت اكيد ربنا بعتهالي الحمد لله وخات القرار
1,اللهم كن اخواننا سوريا
1,للهم أملأ قلبي بحبك وحب نبيك وحب عمل يقربني حبك
0,لإنه النووي ضرره علينا اكتر بكتير فوائده
1,مافى أجمل قوله يارب يتجه الله عز وجل يتركه الله ابدا
1,﻿انا بدأت اتحرك شاركت بفكرة ستغير الكثير واقعن
0,حبيبي شرلبوني يموت شرلبونا انا مدريدي﻿ ماني مغير لعيونه
0,ياحيوان ماشي ريال مدريد
1,﻿جمال الصفحة جمالكم رقي اخلاقكم متأكد صفحتنا ستعجبك فأنضم الينا ادعو اصدقائك فنحن نسعد بك بهم
1,بارك الله فيك يانوسة وجعلها ميزان حسناتك
0,﻿احنا بدنا اياه لانا منفهم المفاعل النووي طاقتنا صعب علينا بكرة بذكركم سألوا الباص السريع الثقة معدومة القمح فاسد المصفاه مش حسب المواصفات الخضار الفواكه مواد كيماوية شوارع مش مصانة حفر مطبات خ الافضل استغلال الطاقة الشمسية الريح الماء هروب التطور انما الابتعاد الفشل الأكيد عبر التجارب
0,عنجد انو بالة
1,اللهم يا محول الاحوال حالى أحسن حال
1,اجمل الدين
0,عااااااااهاااااات
0,الله يلعن علمكم التطور يا متخلفين يا رجعيين
1,ادعي الله يقوني علي طاعته
1,حلو الشخص عنده هدف يشتغل الدراسه شئ ضروري
0,الله يرفعه مكانه اللي برفع الاسعار
1,دربي زدني ثقتا بك فانه لايخيب وثق بك
1,طبعا التقرب الله خير علاج للحالات النفسية
1,الابتسامة كلمة بدون حروف
0,حيوان وكلب الله يموتك
1,يا سلام أحلى يواسي المسلم أخاه أخلاق الإسلام أصبحنا نفتقدها يوماً يوم
0,﻿شو عاجبك متلا ؟ لتكون سيارتكم
0,يا اخوان انتبهوا انة المشتركين المايعين لبنان سوريا وهذا حالهم لان تركوا ملة الاسلام وتبعوا الميوع الشيطان
0,يع شوهاي الوساخة
1,ماشاء الله عليكم بجد موضوع مهم والاهم الرقي الرائع الحوار
1,والله اني احبك الله يا
0,جد مجنون
0,﻿ والله عيب بهدلتو حالكم
1,ايارب يتقبل منا
0,ياحيوان
0,﻿ يا اخي وين تروح بالاردن تخطى مناطق الشخصيات المهمة بالبلد الباقي كله مكرهة صحية
1,يارب يقدرنا ادخال المياه النظيفة لكل بيت محتاجة المياه
0,﻿الرفض القاطع للمشروع لانه بس يتم يشتغل تمام رايح ينباع يتم تاجيره نصير نشتري وقود مخصب ويصير اغلى الكهربا لانه للاسف شي بعيد ايدي المفسدين الاستغلاليين يصير زي مشروع تسمين البقر ؛ينتجو الطاقه وتروح لاطراف خارجيهخالرج اطار حاجة العامه
0,تنفيذ الحكم الرد الاول وتم اعدام اول راس والباقي بالطريق
0,ليش هيك معجبين الاردني
0,عيب يغني ده السادات وده ابن مره
0,الرابع سكران
0,﻿ والله بلسه يع
0,تفوووو عليك
1,حينما ننجح الانتصار انفسنا
0,﻿منكو لله احنا لاقيين حق الخبز لحتى ترفعو البنزين صار الواحد يحب يخلص دراسه عشان يضل بلاردن لانو اشي رواتب اشي جد بلد مش فقير بس كلو بوكل كلو الله بنلوم الحراميه ع هيك بلد
0,﻿ هالانسان مجنون لابس بدلة رياضة وجاي يغني لو صوتك زين اللبس عدل
1,﻿صباح الاماني المحققه باذن الله
1,ونعمه بالله
1,﻿اه النعمة
0,﻿ واي ناس فاظيين صج عاااهاات
0,اللي مصخرو انفسهم
0,خراي احسن علوي ومحب لهاجحش خربت سورية ياكلب
1,اللهم حسنت خَلقنا حَسن أَخلاقِنا
0,﻿صحح الخبر ش تحرير المشتقات النفطية إنما توليعها
0,﻿و الله حرام الناس مش لاقيه توكل ترفعو البنزين
0,مارح يتغير شي سنه رح نلاقي بالجرايد خالد النووي يطالب ابراهيم النووي بتأجيل مشروع المفاعل النووي لان مشاريع اهم زي مياه سفيان الديسي وخط ابو يوسف للباص السريع عادي
1,كلام صحيح شان هيك الدول اللي بطالة والمجتمعات المفتوحة بتقل المشاكل النفسية
1,الخشوع المرحلة التالية للتركيز والتركيز يأتى بإطالة القراءة والتدبر واطالة الركوع والسجود
0,قرف يعيع
1,اللهم اكفني بحلالك حرامك واغنني بفضلك عمن سواك
1,اللهم إني اسألك صبراً
0,انا بكرهك
1,ضع امنياتكم سجده انساها وتاكد الله ينساها ابدا
0,﻿بلد يديرها اغبياء حراميه
1,﻿يا رب رضينا امنا صدقنا فارضينا برضاك عنا اجبر كسر قلوبنا هون علينا
0,شي مؤكد انك حمار
0,زمان ماشفت مخلوقات فضائيه هع
0,﻿ الله يلعنكم يا اولاد الحرام الفن اهله وناسه يحتاج مسابقة زبي تفو
0,حرام تحمل اسم عظيم زي هيك
1,معلومه ممتازه
1,حلو كلامك عزيزي
1,ركز الإجابه وقول يارب وخد قرار
0,الراجل الابس ثوب جاكيت شكله مسطول جنوب السودان
0,حبة بنـــــــــــــــــــــــــــادول
1,﻿دائماً تبعث النشاط الحيوية النفوس صباح اسعد الله صباحك
1,قصه جميله ودايما انا بحب اسمع البرنامج
1,﻿تفائلوا بالخير تجدوه اعملوا الصالحات
0,﻿مع مين بتحكي بتول انشالله حالك
0,فشرت عين الشيعة والله بنحرقهم حر
0,التاسعه تبي تكسر الكميرا
1,والله الحبيبة يا طيبة
0,ماشي هسا انا صرت ولة طيب حدا بيشبهك كتتير
1,بارك الله دين الاسلم
0,فيروسات بشرية
0,الظاهر عقلك تافه اصحاب العقول المقفلة
1,ربي يهديهن
1,﻿اللهم اني اسالك اخلاص النية كرم الطوية
0,﻿و كمان بالمقارنة بالدول الأخرى الجانب التقني فإن مفاعل الفرنسي الياباني مفاعل الروسي يتم تجربة تشغيلهما الأول يبدأ العمل تصميمه ، لذا توجد مراجعة شاملة عميقة لسلامة التصميم، بغض النظر الأردن فلا توجد آفاق تجارية لهذا النموذج اللحظة تصميم فتم الهند ذكرت تقارير جاهز للعمل نهاية ، يتم تشغيله لحد
1,﻿ربنا يصلح احوالنا يا رب ظاهرا باطن
1,﻿انا بحب الناس بتمنالهم الخير
0,اقترح تحويلهم طبيب القضاء
1,صحيح
1,صباح السعادة العامرة
1,﻿و الله حبيبي
1,﻿لك كلك ذوق حكمه
1,﻿أحب الله تعالى رسوله الكريم
1,ربى يزيدن ايمان وتقه يارررب
1,﻿الله يشافيك يعافيك داء وهامة أخي سيد الوكيل
0,والله كذب سوبر ستار القذر هذاا
1,المومين بعضهم كالبناء الزى يشد بعضة البعض
1,صباح الحب الله علينا جميعا
0,﻿حسبنا الله نعم الوكيل فيكم مجلس النواب الحالي يمثل الشعب الاردني فهم سأئلين الشعب يبحثون مناصب وزاريه رواتب خياليه المواطن الاردني طفح الكيل معه اصبح يطيق الحياه
0,مش طبيعي سماكة الدم شو ها عدولة خرب المفطع لشو المبالغة والاوفر يعني
0,فاشلين نهاية
1,يارب كرهنى وابعدنى فيما يغضبك
1,الله عليك يا شيخ تحفة
0,﻿و الله احلا شيء الواحد يهاجر يشتغل حرامي عشان يقدر يعيش الله يوفق السبب الله حرام
1,اللهم امثالهم
1,بارك الله فيك أنانضال فدعولي بزوجة صالحة
0,الدول المتقدمة تتجه لستخدام الطاقة المتجدده لانها اقل كلفة وليس مخاطر البيئة والانسان ونحن نعاني ضائقة مالية كبيرة وشحة مياه شديدة وكلنا يعلم مدى حاجة المفاعل للمياه اذكركم بما حدث اليابان الدولة الاكثر تطور مجال التكنولوجيا عبارة جزر وكذلك كم أثر علينا المفاعل النووي الاسرائيلي وحالات السرطان المنتشرة ولو لاحظنا التشوهات الخلقية الاكثر جنوب البلاد
0,عنجد بخزي شو هاد حساب ازياء طلع باله
0,﻿هاي نتيجة ينحط انسان ي موقع مسؤوليه
0,قلولهم سوبر ستار مش مسابقة لبياع الخضار
0,كس امكم يالعرب يابهايم يابقايا حضارات الامم
1,والحاجة بتحبها دي مش اكتر حاجة زينها الشيطان واقنعك بحلاوتها بس هتندم بعدين
0,﻿و الله حرام الله موتوه لشعب الاردني وين بدنا نجيب الكو وين يا الله ارحمو الارض يرحمكم السماء الله حرام
0,يا امة ضحكت جهلها الامم
0,قرف شوهاد شي بخزي عنجد
1,﻿كلام جدل
1,اللهم اروقنى يواسينى الدنيا والاخر
0,﻿و الله مش عارفة شو بدنا نسوي نشحد مثلا
1,ينور عليك كثر امثالك
1,وسط يوجد تركيز
1,يا معين يا رب
0,﻿ ومازال العود مصدي
0,يا اخوان احنا قرفنا
0,العرب مو بتاع الشغلات لاكن احنا فاشلين الله معطينا متطلبات التحظر والتطور لاكن احنا لازقين بهلتفاهات ونضن انو التحظر
0,لو يطلع عليهم مخيم اربد مخيم الحصن مخيم الزرقا مخيم عمان مخيم البلقاء مخيم الشهيد عزمي المفتي بفضحو عرضاتهم كلهم
0,﻿ يلعن اوم السخاافه
1,ربنا يقوينا ويقدرنا
1,امين يا رب شاب زي الفل شاء الله عليك
1,الله يبارك ايامنا
1,﻿المسلم الفطن النقي يتصرف بما يرضي الله السر العلن نسأل الله عز وجل نتبع يرضيه عنا
1,مسلم ويعرف قلبه الوفاء فكيف حال المسلمين اللهم أرزق بنات المسلمين زوجا طيبا محبا مثله
0,الله ينتقم منهم اجمعين اللي بالي
0,يلعن اوم الطفش
0,احلى زبالة بوجهك
1,﻿صباح الدرب للجنة
0,﻿لنفترض جدلا اضرار صحية بيئية سينتج بناء مفاعلات نووية سلمية ، دعونا نفكر الكلفة اولا كلفة بناء عالية لعدم امتلاكنا لهذه التكنولوجيا شكل ديون تثفل كاهل العشر اجيال القادمة، ثانيا لنفس السبب سنستورد خبراء للتشغيل لسنوات طويلة مما يزيد كلفة الطاقة العكس ناهيك حصول اخطاء مفترضة مستقبلا ثالثا اين المكان البعيد المدن الاردن واين مصدر المياه الكافية للتبريد رابعا حق المواطنين اصحاب القرار الحصول تقرير منشور للاثر البيئي مسبقا نفس الوقت نستطيع الحصول نفس كمية الطاقة الصخر الزيتي نمتلك احتياطي هائل الغاز الطبيعي المؤمل مستقبلا الطاقة الشمسية طاقة الرياح بكلف نسبيا اقل بكثير النووي اعباء ديون اضافية
0,هاض بعرفو بس مقرف
0,ويوجد البديل الطاقة المتجددة
1,صح
1,اللهم ارزقنا نكون مثلهم
1,استطيع اللهم ارزقنا العافية وشكر نعمتك
0,انتم يا قطريه شن عارفكم السياسه انتم لاعندكم جيش استراتجيه ثابته انتم عملاء امريكا يا خونه
1,﻿اللهم اجعلنى خيرا مما يظنون اغفر يعلمون
1,ناس كتيرربنااكرمهابنعمة الاسلام ولكنهالاتدرك قيمتها
1,الزه شكله بشهي بدييييي
0,مياعة وسئالة عدولة والي معو
0,﻿ اظن انهم حبو وانجرحوا وضاعت عقولهم دخل قلوبهم اغاني الجروح عشان كذا حافظينها وجايين يقولونها اللهم لاشماته
0,انا لاحظت بلبنانيين انهم ماعندهم روح الكوميديا نهائيا
0,ليش معصب يا عدولة
1,﻿ما ارحمك يا ربى بخلقك سبحانك يا حبيبى يا الله
1,عم الرجال
0,عنجد بنت فاشلة
1,عظيم إسلامنا،
0,يا ثقل دمه الاصلع
1,﻿كلام جميل الكرامة أفضل ابقى للإنسان
1,الخشوع أمر مهم جــدا الصلاة
1,استعينوا بالله يا مسلمين
1,اللهم انى استغفرك واتوب اليك
1,صباح الورد والفل
0,ابو الشباب راعي العود ليش ماوزنه البيت غباء
1,اللهم اذقنا حبا رائعا حلالا طاهر
0,حفظ الله وطننا ايدي المنافقين المتأردنين
0,انخرس
0,حكي جرايد
0,اكاديمي اللي خلفت عاهات للفن المعاق فيزيدون الطين بله
0,افهم وين جاي يا ابن الكلب
1,الله اكبر احلاكم اشجعكم
0,اخييه مااسخفها تقلللد
0,شيئ مؤسف الله يهديه
0,لآ مش فاهماك
1,اكيد
1,بدعى طول الله يرزقنى الخشوع
0,﻿عادي محنا اتعودنا الرفع يوم يومنا احنا بنعرف الرفع همه برفعو نحنا بندفع حسابنا
0,يضحكون م شاففوا انفسهم ، لو قلنا غنوا جابوا الععيد فالحين بس الظرافةة هـ الشيبان
0,يلعن أم الأزعاج
0,مقاسك مناسب يا شريف
1,أهلا وسهلا بك بيننا يا طارق
0,اسخفك
1,اخذت القرار برجع تانى وخايفه اموت وانا بغضب ربنا سبحانه وتعالى انى انا حسه انى قلبى مليان وعامر بنور الله اعمل ايه اجوك انصحنى
0,والله ماهم اللي مسخرة انا اللي مسخرة اللي تفرجت عليهم
1,احسن قولاممن دعاالي وعمل صالحاووقال انني المسلمين،
1,الهم اصلح بنات المسلمين
1,عمل السريرة العمل الخالص لله اللهم ارزقنا عمل السريرة
1,تبتنا ياربن علي دكرك وشكرك حسن الخشوع صلاتك
1,يارب ثبتنا اخذ القرار لان ده الاهم الاصعب
1,اللهم باركي واهدي مسلم لطريق النور
0,اغبياء
0,﻿ والله يحرر عزبت بنقاليه
0,بالله يا شباب وش رايكم بالاشكال هل تتوقعون اهلهم كارهينهم والناس تجي لاهاليهم وتقول حرام عليكم هذول دمكم
0,﻿ مسخرة
0,مش حلو
1,﻿و بلبل شادى بفنه
1,ونعم بالله أختار قرب الله خاب ابدآآآآ الله دى راحه وده شعور الحمد لل
0,البراامج اللي تخلف العاهات للفن الهابط فن اليومين
0,﻿اقطع راسها وخلص
0,﻿اكيد حياتي حدا بشبهك لو نتحرت زمان
1,نعم الصديق الوفى
0,يستهبلووا
0,ويحطمو رؤوسهم بارجلهم
0,هبله
0,حد اساسا لسه بيتابع البت دي هاي عنجد بتقرف
0,اهما ودهم يروحون النار النار مارضت فيهم
1,يا الله استجب دعائي ياالله مادكيت بابك يوم ورحعتني خالية الوفاض
1,وعلي الله قصد السبيل
0,﻿عاهات
0,﻿ هذول مخانيث
1,اللهم ثبته دين الاسلام اللهم يا مقلب القلوب ثبت قلبي دينك
0,اقسى غربة الروح
0,قرف يقرف اللبنانيين شو تافهين
0,﻿انا متشائم رح اضل متشائم ينزلوا البنزين
1,ربنا يشفيهم
0,ناس تبي تتمصخر ماتدري شلون
1,انا انصح انسان لايكذب لان الكذب مداه قصير
1,يا سلام الوفاء اللي اتفقد عصرنا ويا حسرتاه الحب بات مجرد كلمات
1,اضيق العيش لولا فسحة الامل، الحمد لله
1,﻿اللهم نقي نفوسنا أجعلنا المخلصين سرا جهرا
1,أقدر الاخلاص الوفاء كبير
1,نعم البدايه كلهم اروع الروعة
1,اصدقاء اوفياء ونتعلم منهم
1,خت قرار كتير وبرجع تاني بحاول اتغير ومش عرفة
0,يا اخي اطلع صورتك بالمراية وشوف ادائك هوة اداء فني صوت مناسب تفضح حالك هيك برامج تافهة
1,اللهم انا نسالك رزقا حلال طيبا مباركا يعيننا علي طاعتك
0,﻿ عاهات وعهد الله عاهات ايه اللي خلاهم يغنو دول
0,﻿المفاعل النووي سيحتاج لشريك استراتيجي يمتلكه جزء كبير ستدفع الحكومة الأردنية ثمن الكهرباء لهذا المستثمر لذلك يوجد احتمال كبير ترتفع الفاتورة
1,يا شيخ خالد ربي يحفظك نبي منك طلب
1,﻿صباح الخير ياشيخ لكم كلماتك دائما تشعرني بالامان السكينة الرضي بما كتب الله
1,والله
1,اهم اشي اكون مبسوط
1,﻿صباحك مبروك عدوك مهلوك
1,﻿الذي طبعه رائع يتغير راح يبقه رائع
1,اللهم تب علينا انك التواب الرحيم
0,﻿ غبي انتا اشي الصووووت هاد بتشبهو بجورج وسوف
0,وسبب برفعة ضغطك
0,﻿ عاهات اللهم لاشماته
0,﻿الا يكفي نسبة مرضى السرطان الاردن اعلى نسبة عالميه مفاعل دايمونه الاسرائيلي بكل جهل نضعهه بلدنا؟؟؟؟؟؟؟؟؟؟؟؟؟؟
1,الشخص يامصطفى
0,والله انك مسخره يا عجوز
1,الله يضيع أجر المحسنين
1,صباح الخير والفل
0,وهابي تاج راسك يا اللي تاكل وراك الوهابية شئ مخالف لكتاب الله سنة نبيه اذكره كالببغاء تردد خلف الناعقين لتثبت انك الصراط هوة الخراب طنت طنوت سوريا
1,﻿فالأول يصحح مساري الثاني يزيد أصراري
0,﻿مهو اصلأ زي مشروع الباص السريع يلي استملكو عشانه شارع المحطة كاملا لساتنة منسمع عنو شفنا
0,امين يا رب
0,الحق عالحقير اللي نزل المنشور بجوز اهله لابسين ولك لاتنزل اشي زي هيك يا؟؟؟
0,﻿الله يخلف عليهم يكثر خيرهم فعلن شعب مسكين عبد الله النسور بطل رفع الاسعار
0,﻿المفاعل النووي سيحتاج لشريك استراتيجي يمتلكه جزء كبير ستدفع الحكومة الأردنية ثمن الكهرباء لهذا المستثمر لذلك يوجد احتمال كبير ترتفع الفاتورة
0,يخرب زوءك
1,اللهم اصلح نفوسنا لما يرضيك عنها
1,اكيد طبعا حب ربنا احسن حب حد وانا فعلا عملت كدا
1,انا اخدت قرار وبعدت معصيه لله وقدرت وربي وفقني
0,﻿الله عون الفقير الطبقه المتوسط تنحدر
1,هستوكم
1,اللمة احلى اشي بالافراح
0,يناس جلدة الغاز مجانا
1,﻿اشهد الله اني احبك الله ادعوا نحشر حبيبنا امامنا محمد صلى الله سلم الجنة امين
1,ربنا يصلح حالنا جميعا
0,خبر عاجل يمنع لجميع المجانين التقدم سوبر ستار
0,والله انا بزعل رجعت لانه مش احنا اللي بنستحقها
1,الدين فتصير اخوة الله ارقى العلاقات الانسانية بصحيح الحديث رب اخ تلده امك
1,شبابنا زي الوردة بس بدهم حدا يدعمهم
1,الله يرحمنا برحمته
1,يارب اهدي بنات وشباب المسلمين يرضيك عنهم وكفيهم شر فتن الدنيا والاخره
0,﻿إلى إعتصام مفتوح ميدان تحرير للتخلص قوى الفساد الإفساد
1,﻿و رزقك خير اليوم
1,صلوا علي بكي شوقاً لرؤيتنا
1,اللهم اجعلنا ممن يعطي الامانة حقه
0,بعضهم جايبينهم تمثيل
1,احلى الفرح
1,﻿اللهم ارزقنا الصدق الاخلاص
1,بالفعل لازم واحد بيتكلم الدين اقل مافيها يلتزم باقل مبادئه عشان قدوة مش ييخلي الناس تقول ده الدين
1,ظني بالله جميل
0,﻿و الله الله الله يا نسور رح ننزل الشارع وقف الموضوع فوات الاوان
0,مررررعبه
1,الله ع الكلام الجميل
1,﻿بتمنى لو تقوم بعثة للدعاة مصر تزور البلاد تعرفهم تشرح الدين الاسلامي تنشر بحق مكان
1,ربنا يكتر امثالك يا مصطفى
1,الحب مش ذل
0,﻿اللي موافق عالمفاعل يبنيه جنب داره يسطح الواحد المتحذلقين اللي يخلوا حالهم مثل ابو العريف حد يفهم غيرهم ابع افقر دوله العالم المياه تبنى مفاعل نووي استنوا لما يطورو مفاعلات نووية صحراوية بعدين اشطحوا
1,﻿اللهم انصر المسلمين المسلمات مكان
1,﻿جزاك الله خير دكتور عمرو ربنا يتقبل منا منكم سائر الاعمال
0,﻿هو أحنا خلينآ نخلص أم هالبرجين الللي صرلهم سنة بعدين بنفكر نعمل نووي سلمي هههه الديسي
1,اشداء الكفار رحماء بينهم
0,اصلا كتير البنات بدهن يحكن الشباب
1,ربنا يقوي ايمانك
1,ارضى عني يا رب
1,الله يهدي الجميع للاسلام
0,يع بتقرف وسخ
1,اللهم أنزع قلبى حب شىء تحبه
1,نعم
1,اني احبك الله
1,﻿انا دايما فرحان مش سائل بالدنيا الحمد لله
1,ونعم لله أرحم الراحمين وأنيس المستوحشين
1,﻿صدقت الله يا شيخ
0,ليش محشورين كذا ؟ خلصت الطاولات مالقو هـ الطاوله الخايسه
0,طبعا اكيد ﻻ والف ﻻ
0,يا حقير
0,﻿انا مش مسؤول الحرامية يتفنجرو بمصاري البلد انا اشحد
0,والله لو طلبوا مين اللي عندو قلب قوي ١٠٠ متر للجري مايتقدم حمار عربي
1,اروعهم
1,﻿افتح قلبك للعالم
1,﻿صباحات العقول اليقظة الهمم الحيية المتوثبة
1,أهلاً وسهلاً بحضرتك
1,ربنايحفظك ياشيخ
1,هل تعلم المطر يتشكل اولا هيئة بلورات ثلج داخل الغيوم يتحول قطرات ماء ذوبانه طريقه اليابسة
1,اللهم استخدمني تستبدلني
1,احسن علاج
1,الله يقويك
0,بدكو تخلونا نشحد
0,﻿حسبنا الله نعم الوكيل فيكوا
0,اهبل ولك
1,اللهم إجعلنا ممن يأخذون بالأسباب
1,أجمل ديننا الاسلامي
0,عالم فاضيه بيسموا الغناء فن بيشغلوا الناس
0,سمآإجةة تآإيمم
1,اللهم اهدنا لكل عمل يقربنا اللى حبك
0,هعهعهع مش حلو
0,هبل
1,ونعم الصديق
0,كتيييير رخيص ومقرف
0,الاء اختصري ماشي
0,معتيه واضح انهم يمثلون
1,الله يعين الجميع
0,﻿العاهات اللي عندهم ياناس روووح موتو ابرك لكم
1,اللهم أرزقنا الخيرات وترك المنكرات
0,بطلت اتجوز
1,اجمل الاخاء
1,تركنا الحرام اجل ربنا حبيبنا ووالله سيعوضنا خيرا
0,عاهاتك يا وطنعاهاتك يا وطن
1,شكرا
0,﻿ يا ريتك كبرت
1,سلمت امري ربي عالمين رغم البعد احس ربنا رح يكتب ويجمعنا ويكون نصيبي
0,اول واحد ذكرنى بصاحب اسمه قردة
1,رائع
1,﻿انا يوم أقول غدا اصلي اقدر انا أدعوا الله دائما يهديني جو يملك حل مراسلتي
1,﻿اعمل ليومك غدك كن متفائلا دائما يا صاحبي
0,اااه ياشويه عاهااااااات
1,شَارِكُونآ الخَيرْ
1,وبشر الصابرين
1,انتا عظيم يا راجل
0,الأردن رح يولع يا نسور
1,اللهم اكفني بحلالك حرامك واغنني بفضلك عمن سواك يا رب
0,الاشغال
1,مااجمل الوفاء
0,صار عناد وكره قلة أدب بس ظلموها
0,﻿ كأنه جورج وسوف الحمام معه اسهــــــــــال تكرمون جميعاااااااااااً
1,﻿أجمل ابتسامه
0,طول عمري بخاااف العوب العب
1,﻿صباح الخير الحرية النصر
0,مين بشار العاهة هاد بهدد، الجد والله للنساء والبنات تتطلعن الرجال هالحالة ونلعن ابو الساعة اللي طلعت بشار وغيره شو هالحكي، الاردن قوي بجيشة وقائده فعلاا هززلت قال سوريا قال النعامة رقبة عالية بدهها قص
1,﻿نهارك طيب مبروك
0,سخافه بكل ماتحوي الكلمه معنى
1,الله يحرم حدا العائلة الدافية والذرية الصالحة
1,سنه وانتم طيبين
0,والغناء تجد ١٠٠ مليون وكلهم زبالة
0,جد اشي بخزي
0,يا ربـــــي مستحيل كائن بشري
1,يا رب استجب دعائنا وانصر اهلنا سوريا
0,الله اكبر شو هيدا اكل الرجال
1,اللهم ارزقني ترزق البغاث
0,الله معكى يا حجه
1,﻿و تربت كتوفنا تشحننا بالتفاؤل أيضاً صباحك أسعد
1,المسلمون
0,قلة ادب
1,ياااارب قربني إليك وأقترب
0,سخافات وتخلف شباب وصبايا هل الأيام
1,﻿اتحزن فإن الله يدافع عنك ، والملائكة تستغفر ، المؤمنون يشركونك دعائهم صلاة ،و النبي صلى الله سلم يشفع ، القرآن يعدك وعدا حسنا ،و رحمة أرحم الراحمين
1,ربنا يتوب علينا المعاصى
0,ربي بالعون ياأخي فقد احزنني كلامك
0,﻿ اوووي شكد قااسي
0,إحتمال يشارك الليو االبايخ
1,اجمل الكلام والاروع نطبقه
0,﻿قرف يقرفك
0,لله يحرق قلبك يبشار
1,التفاؤل حياة
1,﻿بلا بلا وجع راس خليك رايق دايما
1,﻿و الله بذل اتنين خمسين عشان الغرام الحلال احلى مين يحس يفهم يقدر
1,امشي عدل يحتار عدوك فيك
1,للهم اعنا ادراك المعنى العظيم يا رب
1,الله يكثر الافراح
1,﻿يا رب اللهم اجعلنى خير مما يظنون اغفر لى يعلمون
1,يارب اجعلنى الصالحين
0,﻿لا دة ذكاء
1,﻿يا رب بناتنا شبابنا كلهم يستطيعوا العمل بهذه النصيحة يا ريتا كلنا نتذكر أننا كلنا دعاه للإسلام بأخلاقيتنا الصفات الحسنة
1,الحمد انا متفائلة كا امور حياتي ورح اضل هيك دائما
0,انا شوفت وقاحه بس زاي وقاحة الاخوان شوفت
0,الثالث لاتعليق
0,﻿ السماعات خربت
1,يا رب نستغفرك ونتوب اليك
0,حرام عليك كانو بقرة بتولد
0,﻿ جايين سكارى ويغنون
0,﻿آخر واحد مهستر
0,﻿يجب وضع تسول نفسة مجرد يعمل تصرف يليق بالاردن يسجن يسجن شىء مخزي شوية همل زعران يخربوا الجامعات سمعة البلد
0,اللقطة الكزميدية بالآخر دمها تقييييييييييل
1,اللهم إني أستغفرك الذنوب والمعاصي وأتوب إليك
1,النية دايما بتكون موجودة وربنا المعين
0,فعلا زي حكى اخر شي هزلة وانا مهزلة اللي ضيعت وقتي اشوف هيك مسخرة فعلا اني مسخرة
0,﻿ بالله عليك فين الاناقه الناس اللي بتغني دي
0,ﻻ تخليني اسب هون هاااااااات
1,﻿صبحك الله بالخير
0,· رائع والله اصبت القول الاسف لاكن مافي حدآ بيستحمل الانتقآد ؟؟
1,﻿اللهم بارك فيك عليك ثبتك
0,اشي بقهر مش هل درجه
0,اللي غنى عدوله محاولة استخفاف دم البرنامج
0,﻿حسبنا الله نعم الوكيل اناس همهم تجويع الشعب
0,يلعن روحك
0,﻿اي تقدم ازدهار مفاعل النووية بعمل الامراض كثير اهم السرطان الله يبعده عنها انا معهم رفض المفاعل النووية
1,الحب الله شيء جميل
1,عجبتنى الحلقه
1,يالله ارحم احبتى واشفهم وعافهم واعف عنهم
0,شفت النسخة الاوروبية والامريكية والماليزية نفس البرنامج بلاوي كذا بس حنا العرب فينا عقدة النقص والتخلف
0,غباء غباء لان نفس الحركه صارت يعني قلدنه البرنامج وبعد التصرفات اوووف
0,﻿و جنت براقش
1,﻿و طمّأنينَه صباح ٱلآملَ بًٱللِه ٱلثِقةً
0,راغب يجنن
1,الأسلام نعمة كبيرة ربنا تقدر بكنوز الدنيا كلها
0,بعئد
0,﻿ وش هالتحف والله مساكين ماكلين مقلب بقوه
1,﻿انبسط يا عم افرح
1,احلى اشي الواحد يوكل بدون يطبخ
0,مشان الله حد يعمله هوشة بدنا نعطللنا شوي
1,صباح الفل
1,اللهم أصلح شأنى
0,الغبي اللي يقلد جورج وسوف
1,﻿سبحان الله خالق السماوات الأرض
0,شاء الله العطلة مأثر عليكوا كتير صبايا الكل بحكي حبيبتي وحبي وبلمدرسة واحد بكشر جهة
0,مؤامره معروفه الشرفاء البلد
0,﻿كنا نقول البلد حاميها حراميها ماذا سنقول الأن مفتيها حراميها الله الواحد تحير الامة اصبح الحليم حيران
0,تضرب منك لعدوله
0,عيب عليك ماتستحي
1,﻿اللهم اجعلنا ممن تنظر اليهم بحب اشتياق اجعلنا عبادك التوابين المخلصين العابدين الحق لدينك احفظنا قنا نار وقودها الناس الحجاره يا رب
0,يلعنك نذل
1,يارب يقوينا جميعا طاعته وحسن عبادته
1,﻿اللهم اصلحنا طهر قلوبنا النفاق
1,يارب ساعدني وقويني وساعدني أخد حبيبي
0,حثاله حثاله والحثاله انظف منهم
1,﻿و نعم الصديق
0,يلعن شرف خواتك
0,﻿اللة يشبعكو يا حرامية
1,حلوه اوى الحمله دي وربنا يارب يكرمك بيتبرعو
1,حبل الجذب اكصي
1,سبحان يهدي يشاء ﻻإله إﻻالله محمدرسول الله
1,ربنا يقدرنى ويعفو عنى
1,الحمد لله نعمة الاسلام وكفى يها نعمة
0,شكلك احول موب حوله
1,اللهم ارزقنا زوجا صالحا محبا مثل
1,﻿صباحك طيب كطيب المسك العنبر
0,هههههههههههههههههههه وهابي عفن ومكبوت تفكيرك محصور فخذيك لاغير لجنة اللتي ستدخلها أريد دخولها، جهنم أشرفلي وأهون علي أكون أحد الوهابيين المنحطين لواطيي الأطفال
1,احسنت ابدعت وصفت يدور يجول راس شاب ملتزم فتاه عفيفه نقيه تقيه
0,واحد بتستا هل الجزمة
0,فعلا اللي بيســتحوا ماتوا
0,﻿سوبر طقاع ﻿ اول واحد جايته زبيريه
0,والله انا خايف انو طخوا هاي الصورة
0,﻿المشكله احنا امه تتعلم غيرها تسريب المفاعل الياباني الكثير الكثير احدى الدول الاوروبيه اعلنت باستبدال المفاعلات النوويه بطاقه البديه الغريب بنفس اليوم اعلنت السعوديه بانشاء مفاعلات نوويه سلميه ذكر اسم الدوله الاوروبيه اعتقد المانيا نني اقسم بالله العظيم انني افضل النوم بكير استغني الكهرباء كليا بمفاعل نووي الاراضي الاردنيه
1,اللهم تكلنا انفسنا طرفة عين
0,والله انك مهزله
1,رجعتولنا الفرحة اللي نسيناها
0,واو حلو
1,نرجو الله يتقبل صلاتنا رغم تمر بلدنا أزمة صار الواحد خايف مستعجل بصلاته كلما صليت اعتبرها صلاة مودع فيخشع قلبي تدمع عيناي
1,الحمد الله الاسلام يا رب اهدي احب هذاا الدين تردد دخوله وارحمنا جميعا
0,صراحة بخزي مجاملة
0,﻿الى يقارن بينه وبين مرسى يبقى متخلف
1,طريق واحد عدم اليئس طريق النجاح
0,بيه الزناخه
0,اسخف لجنة تحكيم شفتها بحياتي
1,اكيد الله يحرمنا هالنعمة العظيمة
0,﻿انا لله انا اليه راجعون الله يستر هالبلد
1,يارب وانت إدعيلي
1,قصة منتهى الروعة
1,يا دكتور خير اخ ربنا يزور عليك
1,اللهم اهدنى تحب ترضى
1,﻿الحمد لله رب العالمين عطاه رضا
1,صباحك خير يا دكتور سلمان
0,انا المفاعل
0,تفو كس امك حمارة
1,أهلا بك دين الحق والسلام
1,يا رب خد بياايدينا يااجبرنا ياجبار السموات والارض
1,فعلا احس دللك
0,شكلها ملجلجه
0,حالات مرضية نفسية مستعصية يستطيع شفائها العلم الفن
0,﻿خليه يرفع اللي عنده وطنيه انتماء يصف سيارته بالشارع يروح الشغل مشي
1,صباح العسل
